gene,logfoldchanges,pvals,pvals_adj
RPS2,2.1157475,8.120517986231709e-68,1.1197382251214903e-63
EEF1A1,1.150934,5.212251271662588e-63,4.791448852330363e-59
RPS18,1.3701744,7.102642479904678e-63,4.89691685777028e-59
RPLP1,1.3321596,4.220576958967352e-60,2.327901427488033e-56
RPS19,1.4144145,1.1176743372271445e-56,4.403317553150028e-53
RPL13A,1.1911947,2.3654186246376004e-56,8.154189353781967e-53
RPL15,1.3778228,3.2665715407492895e-53,1.0009501105642658e-49
RPS3,1.380171,3.1240117640270735e-52,8.192644002810153e-49
RPL28,1.4365897,3.2677889633371418e-52,8.192644002810153e-49
RPL18A,1.4203205,7.354839172724224e-52,1.560244266964528e-48
RPS12,1.362481,8.823599905191906e-52,1.7381231298955885e-48
RPS23,1.330784,1.431524415623794e-51,2.631905355604866e-48
RPL10,1.0769503,7.000114692984118e-51,1.1355833117830354e-47
RPS6,1.2481382,8.029925298033473e-50,1.2302737770509285e-46
RPL32,1.2316697,1.0710467931373153e-49,1.5545962347968886e-46
RPS4X,1.5266918,1.4797920149768054e-49,2.040485209451517e-46
RPS24,1.5063306,1.581230172814932e-48,2.0765317002804857e-45
RPL3,1.3426957,3.1379450951053153e-47,3.3283942243390147e-44
RPL13,1.1063505,7.150593400422741e-47,7.30366906655031e-44
RPS17,1.4720094,9.785183780723966e-47,9.637707082314484e-44
RPL19,1.1709895,2.0310052950343586e-43,1.8670354675485845e-40
RPL7A,1.4302438,2.642601125614899e-43,2.350892059426054e-40
RPS28,1.2348162,2.9417323218037104e-43,2.53522168658446e-40
VIM,1.3642099,7.357454541777151e-43,6.148602465246371e-40
RPS20,1.3320987,1.2565800724470784e-42,1.0192342717042804e-39
RPL5,1.631079,2.382676091490566e-42,1.8774126071750524e-39
RPS8,1.3010259,5.782472445861186e-42,4.4296951419988826e-39
RPS14,1.1048365,1.4115346683930199e-41,1.052089272566019e-38
HSPG2,4.404064,5.640220796096403e-41,4.0933160293354365e-38
RPL23A,1.2376597,1.063583254947881e-40,7.520897180757092e-38
RPS3A,1.4251448,1.957277194154578e-40,1.3494447615098739e-37
IGFBP7,2.511387,4.994379663445087e-40,3.3593903014265516e-37
RPL8,1.2888186,1.0742619253088414e-39,7.053808422896959e-37
RPS9,1.2307596,1.4537495602125114e-39,9.323605900358289e-37
RPL34,1.1551462,1.6662817073402923e-39,1.0443799301143313e-36
RPL6,1.3405398,2.3312190775913732e-39,1.4286746604847753e-36
RPS13,1.3984838,3.023192799522413e-39,1.8124698048962847e-36
RPL23,1.5471686,5.1902389987454645e-39,3.045455555476647e-36
RPL12,1.5361233,4.937203692531176e-38,2.778738845563771e-35
RPL7,1.1813107,4.723578431254347e-37,2.45786501843646e-34
RPL26,1.1632001,5.949515747570697e-37,3.0384397275278643e-34
RPL29,1.3035669,7.651288228683139e-37,3.836495032193157e-34
RPL9,1.1670549,1.0454453257718793e-36,5.1484448560958725e-34
RPL18,1.2300199,3.16477825332424e-36,1.5047974943133773e-33
RPL10A,1.4143208,3.966240199111194e-36,1.8539147832387882e-33
RPS27A,0.9446273,6.82827096652761e-36,3.1085885418476326e-33
RPL39,1.413403,6.875911996979678e-36,3.1085885418476326e-33
RPS15A,1.222069,7.956291731688995e-36,3.539009893169663e-33
RPS16,1.1431259,1.1278550336906313e-33,4.937140653828608e-31
RPL30,1.1242217,1.1928692439733657e-33,5.140148126608981e-31
RPL37A,1.1757578,4.237638333912459e-33,1.7979321534251968e-30
RPLP0,1.67204,8.096673640414765e-33,3.3831828129599755e-30
RPS5,1.3012977,3.269838074509562e-32,1.30689267273659e-29
RPL24,1.073869,5.661135818761653e-32,2.2303257658544125e-29
MGP,2.3564792,6.163956702593965e-32,2.3942196893540333e-29
RPL36,1.4523265,9.142862249943672e-32,3.501970210124258e-29
RPL11,0.95915145,3.6531565020862795e-31,1.3614425677639921e-28
RPL35,1.1613159,1.2399766726733032e-30,4.559476890531247e-28
CD34,2.2221177,1.3191353396480548e-30,4.786725578528165e-28
RPL35A,1.1213849,1.521720166563035e-30,5.450129708243556e-28
TPT1,0.7969124,1.886869869761378e-30,6.671294521574268e-28
RPL31,1.2669864,4.1718369069860836e-30,1.4563407369729392e-27
RPL21,0.8521354,1.2765930289065837e-29,4.400735318898221e-27
RPS11,1.206348,3.63543968903884e-29,1.2377550091890511e-26
RPS15,1.0077394,4.522175307575963e-29,1.5208847638089012e-26
PLVAP,2.346256,6.008749549873364e-29,1.996497531161538e-26
RPS7,1.0551356,1.2082262913601347e-28,3.966721983705928e-26
RPL22,1.315213,1.353176187375128e-28,4.390340340638974e-26
PTMA,0.68045044,1.5855085103047758e-28,5.084320197347105e-26
RPL27,1.2315446,3.075296184049431e-28,9.748335421116692e-26
GNB2L1,1.4120591,4.948683765663935e-28,1.5508500101077272e-25
RPS21,1.7818857,5.239189592722229e-28,1.6234423661583555e-25
RPL27A,1.0016848,6.853359200165044e-28,2.100021555801684e-25
VWA1,5.1540003,1.3350896617474558e-27,4.046055240843004e-25
RPLP2,0.76825064,2.269251891298745e-27,6.80232920198226e-25
RPL37,1.2320157,3.3509471614111656e-27,9.936819442730874e-25
NACA,1.3238363,5.0203046424082764e-26,1.4573680150351098e-23
RPL14,1.148651,1.3529506706940318e-25,3.886632666291668e-23
GJA1,3.3754964,4.509808759441036e-25,1.2821804738955143e-22
SPARCL1,1.3792278,4.898222158545366e-25,1.3783997009016745e-22
RPL4,1.5869383,9.32130171649983e-25,2.596594532703357e-22
RPL41,0.85685563,5.684818884305104e-24,1.5677593519136618e-21
PTMS,1.8204519,9.60331772854276e-24,2.6221811516609134e-21
UBA52,1.0813309,1.5911740493155596e-23,4.3020978364729906e-21
RPS27,0.8774049,3.412404905374718e-23,9.04877908465615e-21
INSR,4.289398,2.47631701971834e-22,6.503987692361179e-20
RPS25,0.96096593,7.258899618294645e-22,1.888546544088016e-19
GAPDH,1.1721737,1.1855181020081192e-21,3.055534412820552e-19
UQCRB,1.5562589,1.248273361719309e-21,3.187489145323621e-19
HSPB1,1.7303027,1.8476600032825902e-21,4.632251597320662e-19
COL4A1,1.7775675,2.209124177050887e-21,5.488578968892735e-19
RPSA,1.3102932,2.603396718820823e-21,6.410399527825058e-19
FAM198B,4.101981,8.574165709500824e-21,2.0741959819001205e-18
RPL38,1.2871526,9.55112157916728e-21,2.290442007915437e-18
ENPP2,2.2045057,1.1245976099101845e-20,2.673633869491644e-18
RPS29,1.0401953,2.9730694716329535e-20,6.948416092262169e-18
MGLL,3.24818,1.0012468049776442e-19,2.320368435938947e-17
IGFBP2,2.1085951,1.0841553683268182e-19,2.4915697289764157e-17
AP2S1,1.7575576,1.1958696140707773e-19,2.7255943980862727e-17
A2M,1.2386638,3.6216418719419323e-19,8.186691765935624e-17
ACTG1,0.9963843,6.309814508990377e-19,1.414732231942574e-16
SLC25A6,1.5525703,1.680811085868802e-18,3.738178074684663e-16
GNAS,1.6188174,2.7023779511387717e-18,5.962094330920404e-16
TM4SF18,2.1948018,4.325527652370716e-18,9.319484499771843e-16
MARCKSL1,1.3567191,7.71339130472269e-18,1.6489915147414137e-15
ADGRL4,1.7691967,1.9833410900394096e-17,4.207429275469757e-15
RBP1,2.170766,2.5148494034674626e-17,5.2942379273912735e-15
FAU,0.8657207,3.303933635021814e-17,6.7996926706441485e-15
EEF1B2,1.3464936,3.8244081102679664e-17,7.81255754555333e-15
EEF1D,1.337171,1.2600978129578047e-16,2.536567699689806e-14
RGS3,2.217296,2.31804909051287e-16,4.5990761020261814e-14
SOX4,1.6213441,2.4607651040841847e-16,4.8473557171738324e-14
RAB13,1.5567328,2.572469032814555e-16,5.031457516805659e-14
CXorf36,2.013213,4.653580698204923e-16,9.037778063034885e-14
SERPINH1,1.6113268,1.4999259245778257e-15,2.8926543460144946e-13
UQCRH,1.4710963,2.1086584743602805e-15,4.0383738476324874e-13
MT-CO3,0.664887,2.7243408264090052e-15,5.181508366255693e-13
ANXA2,1.4148031,3.025487681366209e-15,5.67597954263383e-13
SNRPE,1.5535622,4.262945992887336e-15,7.943481391341011e-13
ATP5E,1.0639306,4.696220157508566e-15,8.692104664682633e-13
EEF2,1.2786579,5.663667742739143e-15,1.0412841933950672e-12
COL4A2,1.5522201,7.680952977056284e-15,1.4028166966970743e-12
FLT1,1.7787378,1.2993426419432558e-14,2.3574520644415203e-12
OST4,1.4065939,1.4518011264068906e-14,2.6168478081077926e-12
SYNPO,2.457098,1.5986854778058867e-14,2.862892734216282e-12
MARCKS,1.4471464,2.604847282926954e-14,4.618053688322124e-12
RPS10,1.3549145,2.6122865159846663e-14,4.618053688322124e-12
UXT,1.5753658,3.3844292370763737e-14,5.9073284493729256e-12
FLNA,1.772862,3.8126791634836584e-14,6.612960123934109e-12
HNRNPA1,1.2602454,4.4611877280650174e-14,7.641654358048265e-12
CFL1,0.8934486,9.417541876754339e-14,1.6031911720810566e-11
MT-CO1,0.70583904,1.0154183069812847e-13,1.697164004238174e-11
EIF3L,1.5042815,1.0499486645677247e-13,1.744306281412573e-11
CYYR1,1.4823575,1.1949952544842024e-13,1.9733879717464274e-11
MLEC,2.036279,1.3805845454105173e-13,2.266295273412574e-11
RPS4Y1,1.3701869,1.471445999250281e-13,2.40115608090676e-11
CXCR4,2.759351,2.1715663655589155e-13,3.502190481250513e-11
C9orf16,1.4215392,2.294328317987689e-13,3.6786619972944464e-11
EIF3H,1.4902806,2.5396685585668337e-13,4.048495925326944e-11
TIMM13,1.7590185,2.6608628489204797e-13,4.2173146923867236e-11
GLTSCR2,1.2291448,5.180224078452218e-13,8.16344112203173e-11
SET,1.43424,5.986811738633844e-13,9.380925802729781e-11
EHD4,1.4240284,7.640641295001932e-13,1.1904723482122218e-10
CYTL1,2.1721942,1.1001005672462626e-12,1.6948923711462251e-10
PFN1,0.99849105,1.8868239880775107e-12,2.890823996844533e-10
CD9,1.3752364,3.884454140307529e-12,5.886015180296761e-10
COMMD6,1.2784419,5.137239414847241e-12,7.699716770796586e-10
NSA2,1.5100296,6.40099437281132e-12,9.439926353657251e-10
GSN,1.4248329,7.319407053726271e-12,1.073694721955655e-09
ERP29,1.460481,7.60752749437405e-12,1.1100549906870242e-09
YBX1,1.0444291,9.223306904515956e-12,1.3317296220562358e-09
LGALS1,1.3810475,9.223306904515956e-12,1.3317296220562358e-09
TMSB4X,0.4187352,9.39024165644417e-12,1.3487712729240487e-09
MZT2B,1.4419788,9.658565930041849e-12,1.378293390130104e-09
PXDN,2.2660496,9.695732746582064e-12,1.378293390130104e-09
METTL9,1.3707691,1.0429120795685732e-11,1.469296815236846e-09
TOMM20,1.460587,1.0442460504257807e-11,1.469296815236846e-09
TNFRSF4,1.989977,1.1879494258879615e-11,1.663008592240518e-09
MYL9,1.4897077,1.2677007085929667e-11,1.765689401089739e-09
SPARC,0.8488216,1.426848336782973e-11,1.977368011648283e-09
EIF4B,1.3893427,1.6239240593709215e-11,2.2280884432503123e-09
DPYSL3,1.4165053,1.7191221684100918e-11,2.3470272851689857e-09
MEF2C,1.2198374,1.8545958955182466e-11,2.5195096357932123e-09
ZNF428,1.386076,2.0541837991642166e-11,2.7769745496740573e-09
SOX18,1.5557971,2.1387006013355413e-11,2.8771261065186125e-09
NUDT3,1.5685216,2.395077458895201e-11,3.2063808816219345e-09
RPS26,1.0065762,2.668053805202562e-11,3.5545694608635875e-09
SLC25A3,1.2495868,2.773736609081111e-11,3.6776013560211e-09
C12orf57,1.2372338,3.837204373270538e-11,5.063273789763393e-09
CCDC50,1.3244888,4.334001018917033e-11,5.6915752428425675e-09
ATP5G1,1.3936965,4.360968513282807e-11,5.6998478511522875e-09
CANX,1.3070815,4.5600403534360016e-11,5.931924191842361e-09
STMN1,1.503907,6.263515655711804e-11,8.109635434423481e-09
BANF1,1.2038125,7.135047695827306e-11,9.194875951192776e-09
ATP5D,1.2204989,7.330259119624404e-11,9.40250632562799e-09
NDUFS5,1.2281357,8.521771131213178e-11,1.0880250197064676e-08
RBP7,4.129017,8.796877695756864e-11,1.1179737008920865e-08
COX5A,1.230865,8.981430279116614e-11,1.1361921295297155e-08
ACTN4,1.174555,1.18831068103669e-10,1.4964032859191706e-08
UBE2I,1.3196712,1.3478978318183363e-10,1.689651200267549e-08
ITGB1BP1,1.4175563,1.3759032797476052e-10,1.716952970537532e-08
FBL,1.6800967,1.3825749888571596e-10,1.717506893815439e-08
CBX3,1.2937498,1.4722378698078488e-10,1.8206895055408457e-08
PRKCDBP,1.5236537,2.2447165087612676e-10,2.763606780295457e-08
PTP4A2,1.4599657,2.2690035371621416e-10,2.781092424349224e-08
SERBP1,1.167298,2.6592895972744166e-10,3.24503931476256e-08
DSTN,1.1820475,2.928336634694311e-10,3.55760650711893e-08
MCAM,1.2790781,2.9916401993754936e-10,3.618572518349885e-08
EMCN,1.2114481,3.6593388281239714e-10,4.406866646375672e-08
NDST1,1.9909536,4.3318922594921373e-10,5.19412716227279e-08
PTP4A3,1.6625464,5.017508200205248e-10,5.990166283344603e-08
RPS27L,1.1503518,5.136613500014453e-10,6.10592789238787e-08
LDHB,1.8138764,5.357993910233048e-10,6.341749186970258e-08
MRPL51,1.1769617,5.408439515312988e-10,6.374100211679554e-08
FKBP1A,0.74570686,5.446577577206839e-10,6.39173261379618e-08
LSM7,1.3374401,6.158073380757278e-10,7.196074054852721e-08
GRAMD1A,1.879623,7.550242208355114e-10,8.785678465064022e-08
COX7B,1.1633446,8.819439310114076e-10,1.0212066498286261e-07
ETS1,1.1918383,8.850112020778941e-10,1.0212066498286261e-07
PCDH17,1.1603796,9.573938974246937e-10,1.1001253709657583e-07
TMEM255B,1.2833298,1.0189572076353838e-09,1.1660083764385316e-07
NPM1,1.117554,1.1847863558742222e-09,1.3501668645578223e-07
FAM101B,1.3370694,1.342575446060812e-09,1.5236850062331306e-07
C6orf48,1.2096201,1.4746013346063887e-09,1.6666621149907784e-07
PDLIM1,1.1036522,1.6452905868847838e-09,1.8519928083717782e-07
ANP32B,1.3261925,1.7005368693127206e-09,1.9063986090205776e-07
ROMO1,1.2585648,1.8247811367655295e-09,2.037401384199181e-07
KRT10,1.146313,1.9578537961720135e-09,2.175812384277224e-07
PRDX2,1.1047038,1.9645271001705303e-09,2.175812384277224e-07
GRB10,1.6607763,2.1315013770992173e-09,2.3513017991056886e-07
SNX3,1.0411382,2.270852377691342e-09,2.4950425048594356e-07
C19orf43,1.1468755,2.46867208329458e-09,2.701628520361029e-07
PRDX6,1.1605353,2.5708812052337476e-09,2.802362129562699e-07
RALB,1.1283072,2.6087935151397084e-09,2.8213846102165835e-07
C11orf96,3.461106,2.7105414226359774e-09,2.9199730997443353e-07
SMDT1,1.2424433,2.772187550646408e-09,2.974762189561348e-07
NDUFB2,1.1096967,2.8479666223384974e-09,3.044233469412833e-07
COL18A1,1.5615203,3.0191391262189736e-09,3.214742039492929e-07
LAMA4,1.3329213,3.1084413293055583e-09,3.297099806907257e-07
CSTB,1.0979924,3.324451137353532e-09,3.5127093281967705e-07
RBP5,3.1492193,3.45327203101471e-09,3.6348983233329646e-07
C19orf53,1.0881537,3.5234255582437787e-09,3.694639925674788e-07
BAX,1.2924405,4.045836574631787e-09,4.2104181530262426e-07
TMEM230,1.0965129,4.2017792199000664e-09,4.3562656889625576e-07
PSMB7,1.1151907,4.984486954712e-09,5.148396301013017e-07
PPP1R14B,2.5370827,5.186971119185153e-09,5.317705930293239e-07
AHNAK,1.0993274,5.403413193951123e-09,5.519086261584596e-07
ARPC5L,1.4115356,5.493641171584495e-09,5.590540082286243e-07
UBE2J1,1.3216085,5.548479744915735e-09,5.625587294311991e-07
PFDN5,1.0080851,5.66600456101181e-09,5.723702336395008e-07
HTRA1,1.4727988,5.735148397687013e-09,5.772405931073446e-07
BCL6B,1.9548808,5.830759687498916e-09,5.847297842248913e-07
COX4I1,0.9773611,6.566429422580171e-09,6.561195312170868e-07
SNRPD1,1.07694,6.66816670637328e-09,6.622184144099903e-07
S100A16,1.018321,6.6754920300956306e-09,6.622184144099903e-07
LAMTOR2,1.2104845,6.7937671364601565e-09,6.715358784562659e-07
SEC11A,1.1141417,7.782125851262436e-09,7.664838097361267e-07
LIMCH1,1.6253867,7.867662098523302e-09,7.721508375554293e-07
EIF3E,1.0796312,7.92808066932031e-09,7.753213074415444e-07
LMO2,1.2142721,8.51108603793763e-09,8.293948083188832e-07
CCL14,1.8529891,8.851700885924244e-09,8.595500247606295e-07
TSPAN13,1.9586734,9.868868659101901e-09,9.549602101077621e-07
NDUFS8,1.1174674,1.0162434219315122e-08,9.799287094415119e-07
TRIM47,1.8803214,1.0869032670044473e-08,1.0407853575503003e-06
ABHD17A,1.4670459,1.137458531511566e-08,1.0840265861885703e-06
MDK,1.1549604,1.1399220755482102e-08,1.0840265861885703e-06
TPM4,1.0664322,1.2189167786659198e-08,1.1551644990394754e-06
HINT1,0.9683885,1.2509021608099332e-08,1.181417116123847e-06
APOD,2.4953942,1.294820433504805e-08,1.2185102444708177e-06
TSC22D1,1.0246598,1.2990137496352906e-08,1.2185102444708177e-06
SVIL,1.6585549,1.3130869785085164e-08,1.2275360235019617e-06
C19orf60,1.1509026,1.3991839473525274e-08,1.3036045574354054e-06
TCEAL8,1.2065879,1.462217917778069e-08,1.3577456476930502e-06
MAP4K4,1.4976708,1.5019979894988602e-08,1.3853545335919587e-06
LIMS1,1.6475337,1.5149481843812138e-08,1.392641367628837e-06
ENO1,1.1082926,1.551122951865716e-08,1.421158430782482e-06
ACTB,0.49840593,1.61905642746474e-08,1.4784880184312123e-06
CRIP2,0.97543114,1.6629729645222037e-08,1.5135798156961496e-06
APCDD1,2.4724233,1.805628364481175e-08,1.63264324707088e-06
PPIC,1.9912477,2.2009921991291245e-08,1.983626237502712e-06
NES,1.551852,2.2127035048195988e-08,1.9876852526356643e-06
CCNI,1.052137,2.375592359290285e-08,2.1270807170294634e-06
NME1,1.7579067,2.496742009998988e-08,2.2258365190670972e-06
NAA38,1.063878,2.5020281416737985e-08,2.2258365190670972e-06
CMTM3,1.2285467,2.525950451735404e-08,2.2398926545967514e-06
SLC25A5,1.0380986,2.69688592590283e-08,2.3838051302739823e-06
NDUFAB1,1.0050277,2.748580014561191e-08,2.421736090784937e-06
CUTA,1.0704482,2.9433795965278093e-08,2.585112181944074e-06
POMP,1.0127574,2.996497326863746e-08,2.623409627944393e-06
DDT,1.2853698,3.112069654261019e-08,2.715970155861088e-06
ARL6IP4,1.0199124,3.2421521875672223e-08,2.8205701270892386e-06
RNASEH2C,1.2172688,3.352811997502312e-08,2.907668215947131e-06
BACE2,3.0910933,3.449023331244723e-08,2.981729323795203e-06
BTF3,0.8629668,3.470764475350558e-08,2.991148209413053e-06
POLR1D,1.1348808,4.5660471819374557e-08,3.92281773157231e-06
VASP,1.2098172,5.091190878621033e-08,4.360399442565554e-06
CD99,1.0194293,5.1708345423802866e-08,4.414900155101038e-06
SSBP1,0.99430746,5.780996238808906e-08,4.920626983761483e-06
FAM129A,2.7205646,6.23875765910088e-08,5.293921806851817e-06
TRAPPC1,1.0009379,6.44741152807475e-08,5.454193715375627e-06
PCBP2,1.0416348,6.913488086819222e-08,5.830586374871575e-06
RPL36A,1.0148346,7.299225026877106e-08,6.137134993634659e-06
HNRNPD,1.0974958,7.48067975217501e-08,6.270583167339891e-06
DARS,1.1984762,7.658668955640994e-08,6.400326438141434e-06
CALM1,0.8177305,8.092824445427885e-08,6.7427163914202475e-06
YWHAH,1.142508,8.38685119302463e-08,6.966644042205821e-06
DYSF,1.1985997,8.824898591314962e-08,7.286618363810899e-06
NDUFB8,1.006541,8.915128178681505e-08,7.3391464152739864e-06
TOMM22,1.1613617,9.153925179701132e-08,7.5133020418392206e-06
VOPP1,1.8825902,9.456339062878732e-08,7.738484233711266e-06
KTN1,1.0015818,1.0349164632933468e-07,8.44406101322601e-06
IGKC,1.3660743,1.086401373750662e-07,8.837987340795209e-06
RAI14,2.5925887,1.2637720628066807e-07,1.0220617580082887e-05
ATP2B4,1.3734555,1.2726995570831581e-07,1.026272175006998e-05
ADAMTS9,2.5322526,1.3449989295082058e-07,1.0814105095620203e-05
PRSS23,1.0860993,1.3681387860750733e-07,1.0968177744877433e-05
GADD45GIP1,0.95674837,1.3916635197560667e-07,1.1124433781980524e-05
PAIP1,1.5344088,1.4155792977076481e-07,1.1282903431266335e-05
BID,2.397084,1.4485695166478194e-07,1.1490996694687536e-05
UBE2E3,1.3040007,1.4500206141675474e-07,1.1490996694687536e-05
ALKBH7,1.2952694,1.5243956364877306e-07,1.2011366532302467e-05
SERF2,0.67377245,1.5567215149453906e-07,1.2231129897197716e-05
CAMLG,1.1771697,1.5723468235760246e-07,1.2318801335391934e-05
LAMTOR1,0.9762682,1.5786393197682106e-07,1.2333063784863374e-05
CHMP3,1.0966341,1.6088627391137578e-07,1.2533677011095824e-05
CHMP4B,1.4153985,1.6511292138741157e-07,1.2790685803432687e-05
WWTR1,0.9588088,1.6776708809066058e-07,1.2959890071048284e-05
GTF3A,1.3098838,1.6910959452749357e-07,1.302710725664586e-05
UBE2R2,1.382024,1.7650542345585707e-07,1.3558959799625699e-05
VKORC1,0.9673936,1.788022711178906e-07,1.3697247313581074e-05
MAGI1,1.2729908,1.9072679823302273e-07,1.453001005986271e-05
ANGPT2,2.7011073,1.9377792335853564e-07,1.4721783940445444e-05
NUAK1,1.8154005,1.9982428581072293e-07,1.5139434489253068e-05
H2AFZ,0.98765737,2.062568128192819e-07,1.5583973654603167e-05
FAM195B,0.99725693,2.0996257847394671e-07,1.5777514956824258e-05
TUFM,0.947497,2.0996257847394671e-07,1.5777514956824258e-05
TBCA,0.9778399,2.2410876689084256e-07,1.679475971009689e-05
BCAM,0.9420467,2.3335567704959477e-07,1.744033295846538e-05
LGALS3,1.069266,2.398813340088671e-07,1.7879587646747397e-05
IPO11,27.997797,2.4130245039148663e-07,1.793703228273967e-05
WDR1,0.93394226,2.6726673547542133e-07,1.981366137349777e-05
EIF3F,0.96478754,2.7795485856079163e-07,2.0495826442217944e-05
SSBP4,1.7182503,2.9161115239317443e-07,2.1445472961863903e-05
MTPN,1.0720087,2.9534163136859844e-07,2.1662051887987258e-05
MTUS1,2.8168173,2.979512211831974e-07,2.1795487474244612e-05
CALU,1.8930188,3.4219310904246666e-07,2.4965612595696154e-05
COL15A1,6.476118,3.4553707489948216e-07,2.5143064516036725e-05
DEK,0.98896915,3.623837082962212e-07,2.629952080892944e-05
IVNS1ABP,1.2674673,3.648541583426694e-07,2.6409312280247075e-05
RSL24D1,1.0467798,3.8223760308526e-07,2.7595153449961518e-05
KXD1,1.5375754,3.9350526352973e-07,2.833443383191356e-05
CNPY2,0.9935969,4.004189930367207e-07,2.875717445303824e-05
PRELID1,0.972732,4.050931056755182e-07,2.9017292644985563e-05
PTPN12,1.0391754,4.0823838134514317e-07,2.916683440605274e-05
EI24,1.0322425,4.1021613028795464e-07,2.923240424051993e-05
ATP5G2,0.960687,4.158031334283473e-07,2.9554172200224127e-05
EIF3G,0.93842673,4.292645010233863e-07,3.0432535756357192e-05
APRT,1.0076118,4.5046481991572963e-07,3.177217085328898e-05
FAM43A,1.1677295,4.6859940529180885e-07,3.294636278968212e-05
COX7A2L,0.92339194,4.6950179767731785e-07,3.294636278968212e-05
CAMTA1,0.92757404,4.7403895967485874e-07,3.318032088810471e-05
PDLIM2,1.3464516,4.827763493090614e-07,3.37063447120134e-05
TPGS1,1.5571612,4.888438388622663e-07,3.404377623268581e-05
NAP1L1,0.9553065,4.940352511297008e-07,3.4298220849577615e-05
EMP1,0.7933949,4.94984839296972e-07,3.4298220849577615e-05
H2AFV,0.9579559,4.964125227537697e-07,3.4310938728078846e-05
PSMB5,0.87628925,5.036107153569134e-07,3.470137995713474e-05
COTL1,1.4158641,5.08465319262207e-07,3.488173277266951e-05
TAGLN2,0.85051715,5.442539936103986e-07,3.724425964215279e-05
ZEB1,1.0221789,5.590254361120048e-07,3.813902585127081e-05
ATP6V1F,0.8834808,5.600952016014461e-07,3.813902585127081e-05
MYH9,0.927272,5.897364250192913e-07,4.0058500318182305e-05
DYNLT1,0.98391336,6.274240087431481e-07,4.2490375909030305e-05
JUP,1.14999,6.286196740475874e-07,4.2490375909030305e-05
BAZ2B,0.84867305,6.388718815701543e-07,4.307777200474747e-05
GNB2,0.9839433,6.505209293308283e-07,4.375625899776971e-05
RPS19BP1,0.9329475,6.623745421947701e-07,4.444517061957997e-05
SNF8,1.385479,6.821627852486651e-07,4.5661857503853605e-05
RSL1D1,1.3922638,6.952304015356756e-07,4.642388381005051e-05
CMPK1,1.0761994,7.152850919004026e-07,4.764766247446691e-05
LAYN,1.9296418,7.22092995086016e-07,4.7985254502366625e-05
MRPS21,0.9134839,7.282734495522641e-07,4.827962786478928e-05
NUDT4,1.2812966,7.303449031236134e-07,4.8300843497225444e-05
MATN2,2.5342734,7.414888782424402e-07,4.892052699562205e-05
LGALS9,1.2027277,7.506638060592452e-07,4.9407652609789644e-05
NME4,1.3385901,7.628269276460174e-07,5.0088669072909203e-05
SEPW1,0.9369562,7.67890259627347e-07,5.030137192399757e-05
SPRY1,3.503054,7.759123945246678e-07,5.070642657867604e-05
TXNDC17,1.0327872,7.95946821357348e-07,5.189272207894313e-05
PPDPF,0.9535806,8.494354713569302e-07,5.5249366578022216e-05
COX7C,0.9194748,8.550513111647314e-07,5.5483776610119905e-05
SSNA1,1.1613463,8.598933305238597e-07,5.5666991242223006e-05
TMEM160,1.0686878,8.688390305702103e-07,5.608869833927002e-05
TCP1,1.0297885,8.704751210822964e-07,5.608869833927002e-05
PFDN2,0.8963163,8.762248334475617e-07,5.6327572160412254e-05
COX17,0.882377,9.055263022754425e-07,5.8075824102679424e-05
TNFAIP8L1,1.5400182,9.588639915278828e-07,6.135394700314606e-05
MT-ND4,0.39574754,9.788326697635565e-07,6.248668371930407e-05
PSMC5,0.94660556,9.861927830357996e-07,6.281114219529164e-05
WDR83OS,0.9319426,1.004826884561529e-06,6.370371453433988e-05
MSN,0.90082127,1.069752624184419e-06,6.766430704072914e-05
LAMC1,2.804799,1.0838201697006874e-06,6.83972371624841e-05
SEC61G,0.9266439,1.1547191317280926e-06,7.27051237780761e-05
UBE2E1,1.2398455,1.1862943376397416e-06,7.452306433582867e-05
CSNK2B,0.9145952,1.1907141977322365e-06,7.463071851149914e-05
KIF5B,0.82435465,1.2175679322859068e-06,7.614079010562527e-05
MDH2,0.9108912,1.2392394024566682e-06,7.732068832794117e-05
CCT8,1.1588327,1.2647963514653459e-06,7.873714171718129e-05
MZT2A,1.7032503,1.2683204290683688e-06,7.877869547938621e-05
MANF,0.9114524,1.318660271210466e-06,8.172137743694884e-05
TPRKB,1.1226664,1.3296946775419226e-06,8.222044802074248e-05
ARHGDIB,0.92315966,1.3408178630828422e-06,8.272276292639513e-05
EIF3D,0.92110944,1.3457901767138932e-06,8.284419976208872e-05
ANGPTL2,2.0134013,1.3759985533876008e-06,8.451511827466204e-05
ZFAS1,0.8717624,1.3798201393485735e-06,8.456151067323324e-05
ACTN1,2.2770255,1.434405940876971e-06,8.732460714681039e-05
H2AFY,0.9647005,1.5229982294646498e-06,9.239547880247041e-05
ACKR1,2.033289,1.5244014379260291e-06,9.239547880247041e-05
EIF2S2,0.933676,1.5455993049447654e-06,9.347486322755865e-05
TMSB10,0.35073367,1.5670804042678692e-06,9.456661573063304e-05
PRDX4,1.2020646,1.600576480206995e-06,9.637707024268233e-05
COX8A,0.9068868,1.6407764222353814e-06,9.858242303356721e-05
PKM,0.9582635,1.674247763573901e-06,0.00010037479309530662
MRPL11,1.5647575,1.702120604746032e-06,0.00010144479489255598
HMGN1,0.91175795,1.7036821013573514e-06,0.00010144479489255598
RGCC,0.8203838,1.7052449746675874e-06,0.00010144479489255598
DNAJC15,0.96841496,1.7068092258374782e-06,0.00010144479489255598
NDUFB7,0.87517494,1.7352026897064475e-06,0.00010291058016499873
ZNHIT1,0.87034595,1.7966425975362944e-06,0.00010632577157694404
MRPL14,1.3326958,1.8635727459041757e-06,0.0001100505550033091
UBE2N,0.88388294,1.873816628675726e-06,0.00011041904911457086
CD320,1.0151376,1.9100979796937222e-06,0.00011207804698722017
PODXL,0.91701686,1.9506089382380184e-06,0.00011421208768307448
NONO,1.0336965,1.9828876421781166e-06,0.00011585609194065276
FAM213A,2.0411375,2.0211947834291192e-06,0.00011784462946597939
UBXN1,0.92121184,2.1018633042709837e-06,0.0001222894223738084
C1QBP,0.93412244,2.195563818424027e-06,0.00012693764986267884
UFD1L,1.1483206,2.195563818424027e-06,0.00012693764986267884
MYEOV2,0.9002206,2.227679254394367e-06,0.00012852497589474444
EFNA1,0.9405526,2.2418711735729805e-06,0.00012885342010207862
RP11-382A20.3,1.6104788,2.2439056643773587e-06,0.00012885342010207862
VASH1,2.0445933,2.2500197798745568e-06,0.00012885342010207862
MT-CYB,0.40827996,2.2520613709914388e-06,0.00012885342010207862
HNRNPAB,1.3355587,2.307861581428246e-06,0.00013177268466382642
HSP90B1,0.9201252,2.343673548465712e-06,0.00013338635149548944
MGMT,1.4242828,2.345796666738428e-06,0.00013338635149548944
PPP1CB,1.115394,2.373565801063014e-06,0.0001346876495097033
NDUFA6,0.89225906,2.38001873759832e-06,0.0001347765025574671
EHD2,1.1050415,2.395141155890553e-06,0.00013535492376465097
MT-ND1,0.5115801,2.452121846600233e-06,0.0001382916488456876
VDAC1,1.074495,2.4743821459554882e-06,0.00013897863711030643
USMG5,0.9235274,2.4743821459554882e-06,0.00013897863711030643
EPB41L4A-AS1,1.7621266,2.4810979764847207e-06,0.00013907260161686102
OCIAD2,1.1825131,2.508136693060101e-06,0.0001401455143423397
IQGAP1,0.9436894,2.5104026428717026e-06,0.0001401455143423397
MINOS1,0.896468,2.6547945992973674e-06,0.00014760872068432014
DRAP1,0.87583023,2.6788177091763923e-06,0.00014864473799530492
CALM3,1.0173689,2.6884852508315787e-06,0.00014888161897074953
NAPA,1.4276551,2.7103597929731847e-06,0.00014956867951248089
NFIC,0.8543886,2.712800814413232e-06,0.00014956867951248089
HSPE1,0.8586829,2.722586014767764e-06,0.00014956867951248089
TCEA2,1.418105,2.722586014767764e-06,0.00014956867951248089
PLP2,2.2109597,2.7521452659025272e-06,0.00015089197245141134
MRPL33,0.88549685,2.7620666070384645e-06,0.00015113546208116423
TOMM7,0.9452597,2.7845152673558582e-06,0.0001520621030557225
POLE4,1.0256554,2.8299389539295127e-06,0.00015423726575388954
PEA15,0.9291008,2.978518976622635e-06,0.0001620149829138048
NCOA7,2.51736,3.013438886642197e-06,0.00016359176696027265
LSM2,0.89516526,3.0296879182000713e-06,0.00016397577329590305
PGLS,0.8628775,3.0324042490721067e-06,0.00016397577329590305
ATP5J2,0.82826966,3.08722403354793e-06,0.00016661343326259258
FAM167B,0.930096,3.1094170635204602e-06,0.00016715692744204142
ARPC1B,0.8745717,3.1712397841640586e-06,0.00017014873690209418
C1orf122,1.4437425,3.1968692326909417e-06,0.00017119079553233165
CCDC85B,0.7421335,3.208323761941156e-06,0.0001714712261759946
PDCD5,0.84151727,3.2720306893738943e-06,0.00017453783820416493
ATP5L,0.93072915,3.532904763849509e-06,0.0001877272593014292
EFCAB14,1.4774867,3.5867817395360986e-06,0.00019022359002485872
SMAD1,1.8970506,3.6414459776853426e-06,0.0001927520099282272
PPP2R1A,0.9363407,3.719980521329998e-06,0.00019653184447746875
LINC00152,4.001221,3.7799443118125468e-06,0.0001993179813215419
SELM,1.4232745,3.8035128822295265e-06,0.00020017801195825548
PDIA6,0.84361583,3.861338747355302e-06,0.00020244866915316448
TMEM204,0.857541,3.861338747355302e-06,0.00020244866915316448
ATP5O,0.8783371,3.9095918806543075e-06,0.00020420213046341758
SSFA2,1.2007853,3.9200067699182126e-06,0.00020435906748734307
ST13,0.784596,3.961932872204698e-06,0.00020615506556539845
AURKAIP1,0.85980904,3.9760034986197066e-06,0.00020649759790006454
OAZ2,0.85939234,4.0722405880571646e-06,0.00021109821604782048
MRPS16,1.5733323,4.141296940529098e-06,0.0002142752101799465
ZNF22,0.8982537,4.185488183027693e-06,0.0002161561668755388
PCBP1,0.88291544,4.241362921214776e-06,0.00021861053177563445
KNOP1,1.4470656,4.26391234829747e-06,0.00021895570110459867
GPX4,0.8860481,4.271454318452175e-06,0.00021895570110459867
CYB5R3,0.8026124,4.2979520041365995e-06,0.0002196919770275182
LINC00998,0.9380038,4.301750221004418e-06,0.0002196919770275182
SERP1,0.8312291,4.351420648650227e-06,0.00022181789029293155
SH3BGRL3,0.8998514,4.468150572649062e-06,0.00022712960331803948
DUSP23,1.3921702,4.472092776912592e-06,0.00022712960331803948
LSM4,0.9988748,4.527634730334557e-06,0.0002295108480465194
STOML2,1.0997663,4.5356230395733215e-06,0.0002295108480465194
TBCB,0.8864772,4.652981746874608e-06,0.00023501818794012443
BAD,1.1564281,4.677623397545284e-06,0.00023583089224406555
ARPP19,1.0844426,4.689991051101372e-06,0.0002360229438088935
IRF2BP2,0.93986094,4.8664613152446946e-06,0.0002444576869796324
CCDC124,1.1901715,4.892184685372124e-06,0.00024530303500580445
NCL,0.87141085,5.009560077880119e-06,0.0002507325731901596
MTRNR2L12,1.4586188,5.02276702714158e-06,0.0002509381686132437
GTF3C6,1.0599134,5.062588232848167e-06,0.00025247026814735396
IGFBP3,3.788535,5.084841576554546e-06,0.0002531223122711575
AIP,1.1856824,5.111669243606678e-06,0.0002537649031311504
RAP1A,1.0040187,5.116153678327639e-06,0.0002537649031311504
C11orf73,1.0719543,5.2020771372033244e-06,0.000257563524757259
C1orf21,2.239006,5.229496728642635e-06,0.0002582208601448339
RNF145,1.5036072,5.234080093587721e-06,0.0002582208601448339
RSU1,0.94563866,5.303293834913546e-06,0.00026093109579807547
CCT3,0.97720253,5.307939108808482e-06,0.00026093109579807547
PSMD8,0.8045168,5.3827954150106255e-06,0.00026414009244690934
BPTF,1.1232549,5.411126253012346e-06,0.00026505868526745024
UQCRFS1,0.8618902,5.458661819666395e-06,0.00026691307741624087
ERGIC3,0.91039747,5.473000272594366e-06,0.00026714053365948213
ATP5H,0.8187105,5.496977853630128e-06,0.00026783684672687576
ARF3,1.1302142,5.5841325476205245e-06,0.00027160354038497145
AGRN,1.7077234,5.647898619116451e-06,0.0002742213875316787
C4orf32,1.5775697,6.0876295744277405e-06,0.000294534470883453
GDI2,0.907102,6.1944907598424935e-06,0.00029917980065663095
CKLF,1.1974401,6.2431617618306525e-06,0.00030100334802056944
SF3B5,0.86629385,6.3360960336960626e-06,0.0003049508837997731
TMEM258,0.8247829,6.503335743789881e-06,0.00031245469188543093
CTNND1,0.7469007,6.571407179317627e-06,0.00031517611685429834
MTRNR2L8,1.0805175,6.7037874221491045e-06,0.0003209670998750486
CCT4,0.98804647,6.940112280028463e-06,0.0003317060943823656
ATG3,1.0166626,7.06735193666855e-06,0.00033720316904748316
CDC42EP3,1.3831153,7.1410588892062e-06,0.00034013147158295094
CHCHD2,0.89238405,7.1657908300499725e-06,0.00034072099915710024
ARPC2,0.8672685,7.203042395589085e-06,0.0003419027593555177
NNMT,1.2174861,7.598978119373673e-06,0.00036007666422008104
SUPT4H1,0.81451404,7.612090460292486e-06,0.00036007929796560235
BRI3,0.86020994,7.797950098171334e-06,0.0003682394996701525
CCT6A,0.8398327,7.974412697385824e-06,0.0003759288091769338
FKBP10,3.5529673,8.036380500833634e-06,0.000378203586095546
RAN,0.8347901,8.147683786053887e-06,0.0003827884556248621
JAK1,0.8097581,8.175738991366703e-06,0.00038345328214950836
GNG5,0.85469294,8.21799500388522e-06,0.00038478075758428967
YY1,0.8882146,8.331700733991866e-06,0.0003887845056548692
HNRNPUL1,1.2914958,8.331700733991866e-06,0.0003887845056548692
NDUFA1,0.79229325,8.367541088437427e-06,0.00038979737860967464
TXN,0.8354238,8.83194523310331e-06,0.00041039739399283885
SEC61B,0.83678794,8.83951164086396e-06,0.00041039739399283885
RNF5,0.91349703,8.907888623288871e-06,0.00041287689487909325
MT-CO2,0.37315312,8.930793052500288e-06,0.00041324397785545794
EPHB4,1.1620762,9.053903533117017e-06,0.00041823877996030335
C11orf31,0.8280415,9.162953875409168e-06,0.00042256846484286625
TIMM8B,1.002153,9.265337708658682e-06,0.0004265767668270269
MRPL41,0.8344461,9.320919255969272e-06,0.00042842051873520095
SAT2,1.2231133,9.408905784435674e-06,0.0004317450977090965
PUM1,1.3982745,9.449161451818004e-06,0.00043287205069474565
ROCK1,0.94874656,9.587265063075482e-06,0.0004384703083076213
ILF2,0.9169837,9.677651432164622e-06,0.0004415173352926574
AK1,0.95591545,9.685908617450784e-06,0.0004415173352926574
JMJD1C,0.71872944,9.869278532999897e-06,0.00044913360294236167
SLC39A1,0.8197717,9.936776952788459e-06,0.00045146035387808915
MTIF3,0.8433461,1.0013239697183853e-05,0.00045418605981732945
CLIC4,0.8807199,1.016785440654016e-05,0.00045968703085830253
CAPNS1,0.8433312,1.0219897416828913e-05,0.0004612836840610602
LSM8,0.8278261,1.0412906779309812e-05,0.0004688931211494683
EIF3M,1.0386511,1.0430624660532071e-05,0.0004688931211494683
UBE2K,1.2245926,1.0439494393566377e-05,0.0004688931211494683
HSD17B10,0.99204314,1.0555458358976543e-05,0.0004733307815022034
LYRM4,1.6853824,1.0672651769249786e-05,0.00047780907547462757
FAM89B,1.5657878,1.070896053306723e-05,0.0004786575584780033
CFI,2.4013538,1.1022383211144319e-05,0.0004918693919044305
NREP,1.7190323,1.1306188486221209e-05,0.0005037190081954903
NR5A2,1.8751817,1.1354162459736338e-05,0.0005050404714751754
NMRK1,1.1864336,1.150898845291136e-05,0.0005111028720682601
RTF1,0.72076356,1.1854726191197221e-05,0.0005256103519306061
LARP1,2.045444,1.3028943865477333e-05,0.0005753834872252012
LAGE3,1.1743135,1.3039911506119036e-05,0.0005753834872252012
SZRD1,1.1540174,1.3094881963073783e-05,0.0005768860299962441
PABPC1,0.8171284,1.3238841713632016e-05,0.0005822978895989533
MBNL1,0.96921307,1.3261122935216878e-05,0.0005823491215086163
KPNB1,0.7761019,1.3339389269671929e-05,0.000584854812844217
KDR,0.7622096,1.3554053914609655e-05,0.0005933233315192144
TPR,0.83763206,1.3958143589674258e-05,0.0006100438730840518
ARHGDIA,0.8215482,1.4134819733447145e-05,0.0006167880674193123
ATF4,0.7764148,1.4373707899598133e-05,0.0006262213530096641
PAIP2,0.7197592,1.4434028802693191e-05,0.0006278574863102096
ODC1,3.1712031,1.4518883759441405e-05,0.0006305539784533466
REXO2,0.91571236,1.4813441097375975e-05,0.0006418633232138942
RASSF2,1.4861358,1.4825837148714578e-05,0.0006418633232138942
PHPT1,0.82721096,1.485065893111986e-05,0.0006419302069003503
ABLIM1,1.9080843,1.495034288790841e-05,0.0006447584785330028
VPS51,1.1925476,1.4962848149290078e-05,0.0006447584785330028
APEX1,1.1977844,1.552306077685388e-05,0.0006678548675570613
PPP3CA,1.1977687,1.613009109898171e-05,0.000692890424186476
FSCN1,0.8633855,1.6496860031202524e-05,0.0007075433995964279
CWC15,0.8727416,1.6704041061978858e-05,0.0007153168391416971
SRSF9,0.80800474,1.704069717513559e-05,0.0007286020879006035
ZC3H15,0.7484161,1.7311792051423127e-05,0.0007379051023093462
FAM96B,0.775749,1.8074909082946e-05,0.0007692435843973531
MYO1B,3.913247,1.8240393954413394e-05,0.000775090268836383
PLEKHA1,0.80580044,1.827063677080011e-05,0.0007751809551771161
PTPN14,1.3079076,1.859108382179374e-05,0.0007875651453723929
RANBP1,0.7923039,1.879213117596226e-05,0.000794861033083876
METAP2,0.85282385,2.0075676221688556e-05,0.0008478514530501179
C14orf2,0.7666475,2.0663100436756824e-05,0.0008701009130560185
SORBS2,1.2199197,2.0697157116714345e-05,0.0008701009130560185
DNMT1,1.5813601,2.0697157116714345e-05,0.0008701009130560185
RALY,0.78244334,2.0782532785828156e-05,0.0008723602574848842
NASP,0.78686017,2.107532505690679e-05,0.0008833059489656162
MED28,1.1192824,2.1231918367896697e-05,0.0008879023676899369
QARS,1.2012225,2.1249385839268924e-05,0.0008879023676899369
RALBP1,0.92475104,2.1672732503176728e-05,0.0009042218108511464
UBXN6,1.3797028,2.176193456900585e-05,0.0009065719509728751
TMEM245,0.9809219,2.2377841454470432e-05,0.0009308236977848953
TTC3,0.6979403,2.280385352991796e-05,0.0009456912370647782
PPP1CC,1.0012867,2.2841260595641092e-05,0.0009458202473071923
CTSZ,1.0122089,2.323757666312748e-05,0.0009607884396037927
RCN2,0.82019556,2.3505413369240536e-05,0.0009704076196061609
HIGD2A,0.7614013,2.367914250773206e-05,0.0009754594206098834
SLCO2B1,1.0060083,2.369852098805649e-05,0.0009754594206098834
PSMC1,0.7769261,2.3893137525801744e-05,0.000982004391485187
GNG11,0.5224098,2.54019939648508e-05,0.0010409155862743764
RTFDC1,0.81537235,2.548496032875025e-05,0.0010427659287036712
ZC3H13,0.6758374,2.556818439823689e-05,0.0010446213175327066
MAP1LC3A,0.9355006,2.6094220695035975e-05,0.0010645361217865416
DCTN3,0.80514723,2.626471499005701e-05,0.00106990887739408
ABCF1,1.1166426,2.630750380376036e-05,0.001070071297787763
FAAP20,1.0095705,2.7023162363788232e-05,0.0010975622557710632
TMEM14C,0.75174594,2.7089132300726538e-05,0.0010986236626315243
UBE2A,1.015367,2.7243658199966376e-05,0.001103268143669123
PRKCH,0.84380525,2.766732178664882e-05,0.0011187821117774211
RBFOX2,1.552286,2.7802406598001608e-05,0.0011225984907169669
TALDO1,0.76397794,2.800621015358952e-05,0.001128441131945249
LDHA,0.7917932,2.8028942467999693e-05,0.001128441131945249
LSM5,0.88517755,2.834904256647138e-05,0.0011396645712800986
TIMP2,2.1581857,2.8626177262703593e-05,0.0011491305917770592
NDUFV2,0.690508,2.9188191831622814e-05,0.0011692365630220495
SMTN,1.1686018,2.9211835228159843e-05,0.0011692365630220495
TEX264,0.92069346,2.988128957278961e-05,0.0011935353820424043
BSG,0.7547561,2.990546627715213e-05,0.0011935353820424043
FSTL1,1.1567955,3.007522450063613e-05,0.001198575926703097
PLXND1,0.7222005,3.034383904591193e-05,0.0012075359209352946
TMEM147,0.672258,3.073862431941245e-05,0.0012197263042888584
NRBP1,1.2472087,3.073862431941245e-05,0.0012197263042888584
IMP3,0.7741304,3.0937842615914704e-05,0.0012258675627323215
APLP2,0.7267859,3.106297644664883e-05,0.0012290599202950956
SLIRP,0.69330186,3.159380969586445e-05,0.0012477210269640348
PTRHD1,1.2826161,3.167034298625079e-05,0.0012477210269640348
DGCR6L,1.0084423,3.167034298625079e-05,0.0012477210269640348
CMIP,1.2717468,3.1721463007483004e-05,0.0012479522208564426
TSNAX,1.4294491,3.2262977988301824e-05,0.00126744787316437
MRPL17,1.0540811,3.260259055063917e-05,0.001278967627603879
ERG,0.70264,3.345308766690949e-05,0.0013104676870426561
EVA1B,1.7256395,3.4077354802990955e-05,0.001331140638465842
CISD1,1.1054143,3.4077354802990955e-05,0.001331140638465842
YBX3,0.6960007,3.493628243376556e-05,0.0013627620890500518
C7orf73,0.95615953,3.502048689508928e-05,0.0013641172141140852
ARPC3,0.8084335,3.5415995864566544e-05,0.001377577339849106
SLC25A39,1.3011155,3.5558274226248453e-05,0.0013778373407391325
TMED2,0.742936,3.564390159508415e-05,0.0013778373407391325
VGLL4,0.99564,3.564390159508415e-05,0.0013778373407391325
NDRG1,1.1716218,3.567248753672277e-05,0.0013778373407391325
CSDE1,0.78226054,3.567248753672277e-05,0.0013778373407391325
RPL26L1,1.3067929,3.6046091417673114e-05,0.0013883786440175825
TINAGL1,0.7976545,3.6046091417673114e-05,0.0013883786440175825
SNRPN,0.82443655,3.6481789254160405e-05,0.0014032005356363118
KIAA1462,0.76689595,3.67456031755156e-05,0.00141137917043784
GNB1,0.7352336,3.781908218485096e-05,0.0014505906098662303
PRKD2,0.93501776,3.7940178593217234e-05,0.001453214229505201
PDLIM5,1.1247027,3.803124235550196e-05,0.0014546818331207115
SCAND1,0.7615951,3.818347652405989e-05,0.0014584818775353514
MRPL52,0.7619441,3.8551202032691836e-05,0.001470491078364558
SDF4,0.7100074,3.901558702915393e-05,0.0014861489766436562
TGFB1I1,0.82974625,3.948527818664335e-05,0.001501965519767242
BCL7C,1.6380963,3.999219489550242e-05,0.0015191525493500905
CITED4,2.731449,4.0376428948187375e-05,0.001531638456029039
UBE2D2,0.73874635,4.082912961070746e-05,0.0015466837038517725
ZFAND5,0.8051999,4.1286643871798113e-05,0.0015618697732461568
SNRPD2,0.75542957,4.151722111888451e-05,0.0015684409918035576
RPL22L1,1.1529399,4.228346494346803e-05,0.00159520300439256
ACTR3,0.82680506,4.26885515845048e-05,0.0016060912354672215
RAD23A,0.72052217,4.35443375792622e-05,0.0016360568688840503
SEPT9,1.0616062,4.392601668039974e-05,0.0016481519564789987
GTF2A2,0.8469968,4.39957529437759e-05,0.001648525644950342
FIBP,0.89628243,4.413554063519626e-05,0.0016515195924524321
TUBB6,1.0856825,4.448685527379518e-05,0.001662409884472525
ARL15,3.3063846,4.494753073814628e-05,0.0016764127342228754
POLR2H,1.5660096,4.498315408386858e-05,0.0016764127342228754
FIS1,0.77173924,4.526910637552183e-05,0.001684792733635818
TCEAL3,1.7886667,4.5955167963556546e-05,0.0017080210540417284
HERC2,1.1228633,4.617385959007861e-05,0.001713839434421518
MRPL43,0.746398,4.6577359794813454e-05,0.0017241750717065308
TP53I11,3.1267173,4.6577359794813454e-05,0.0017241750717065308
UBE2F,1.5072327,4.672491438619515e-05,0.001727318617885375
EIF3A,0.6702915,4.679885779234285e-05,0.0017277361448423442
MIF,0.81266314,4.6984202049676147e-05,0.0017322597916122576
NDUFS7,0.65338033,4.728220130237258e-05,0.0017409192890745406
NDUFB4,0.8201209,4.788358444121968e-05,0.001760711322293275
SRI,0.6793543,4.7959265230104975e-05,0.0017611459607401263
COX6C,0.80853444,4.822504203287226e-05,0.0017685508100831798
RAB10,0.98304534,4.845396152909515e-05,0.0017745861235715617
C14orf166,0.7441861,4.965321630368102e-05,0.0018160960201895429
CDC26,1.0900313,4.980999272408357e-05,0.0018194171911851348
MPC2,0.870004,4.996723828340614e-05,0.0018227466896557866
C1orf115,1.0481018,5.008548111821685e-05,0.0018241444170927154
SUMO1,0.7371693,5.016445696781894e-05,0.0018241444170927154
NDUFB1,0.72661644,5.020398914255461e-05,0.0018241444170927154
UACA,0.7660502,5.0481542297948965e-05,0.0018318157545958375
TCEB2,0.8202348,5.0880570770813785e-05,0.0018438690942411335
SNRPC,0.6836742,5.116166741047534e-05,0.001851622655965996
ADAM10,1.2204742,5.19320818697209e-05,0.001877041879165351
COPRS,1.999419,5.2837874668893306e-05,0.0019072812926946851
UQCR10,0.6783494,5.388535278720854e-05,0.0019425493583864538
YPEL3,1.0916197,5.426723840533493e-05,0.0019537622725095648
LXN,0.8131825,5.499558444268101e-05,0.0019774031652676103
BRD7,1.4298656,5.5125073641390564e-05,0.0019794782303154544
HIF1A,1.1125736,5.52548516417965e-05,0.0019815582556273912
ADI1,1.0122006,5.547179173286337e-05,0.001986754639492086
ARPC5,0.73749626,5.568953853579733e-05,0.0019919663991442528
CNPY3,1.0713457,5.582057500973154e-05,0.001994067121267327
ABCD4,1.2108697,5.956390671050591e-05,0.0021222912393570183
CTDNEP1,1.5531082,6.083201363672e-05,0.002164677770417373
CAST,0.698617,6.173966290692156e-05,0.0021902102815684484
NDUFB5,0.73211676,6.178778733266564e-05,0.0021902102815684484
NDUFB3,0.7234431,6.222250818098926e-05,0.0022027886143970755
H1FX,0.81094325,6.359356485840938e-05,0.002248440168801556
HIST1H4C,1.14843,6.46405719961789e-05,0.0022802439052333674
FNDC3B,1.0730387,6.469083421953718e-05,0.0022802439052333674
MAP1LC3B,0.7223632,6.474113343236372e-05,0.0022802439052333674
PRDX5,0.76230085,6.616463315266806e-05,0.0023274084860768875
PSMB4,0.690356,6.63703921193756e-05,0.0023316721960103697
CD200,0.94104373,6.751293356501619e-05,0.002368793488366433
CLPP,0.9666846,6.846155791558772e-05,0.0023990252149886635
LBH,1.3379443,7.012492961034504e-05,0.002451084041564126
FKBP9,0.98515743,7.061495993452483e-05,0.0024650878038915513
TMEM233,4.234738,7.149413335745274e-05,0.0024926235268417593
NOL7,0.7279729,7.160475524865063e-05,0.0024933282073829385
SHC1,1.3821493,7.243959520477024e-05,0.0025192170952801434
C17orf89,1.1586632,7.255160030039353e-05,0.0025199345504839455
CSRP1,0.71996486,7.39085014608516e-05,0.0025638347840092647
DCTN2,0.768756,7.40797918924853e-05,0.002566548367852964
SSR3,0.82929736,7.476871528327308e-05,0.0025871664116463053
CNOT7,0.9313742,7.49418904089908e-05,0.002589909089848557
ARHGEF12,0.73091424,7.58134705266266e-05,0.002616750801230674
NINJ1,1.5502448,7.59304028275398e-05,0.002617510811472366
GRB2,1.0307838,7.734695835401984e-05,0.0026630142540413973
CDIPT,0.8757541,7.854647171832127e-05,0.0027009408940746435
TMEM181,2.0981896,8.12475933396225e-05,0.0027903438718805845
PAPOLA,0.68614364,8.263085304306038e-05,0.002834320479131243
RNPS1,0.709208,8.282119487656642e-05,0.0028373203879577
RPAIN,0.8389156,8.461781216205723e-05,0.002895272982388603
MORF4L2,0.7320666,8.598937726153831e-05,0.0029385564388088024
HIP1,1.1569673,8.638509482814522e-05,0.0029484259222408277
A4GALT,1.6783199,8.651738260921032e-05,0.002949290948821758
MMP2,27.880756,8.771661648271283e-05,0.0029864800609385855
ACE,0.68492824,8.852481212232544e-05,0.0030102802326874116
SIGIRR,0.7309201,8.96133536554838e-05,0.003043543186097207
DPY30,0.7146824,8.981885778682826e-05,0.00304677055356107
TCEAL4,0.7299206,9.161863588211553e-05,0.00310255998163078
FAM204A,0.8869376,9.16885337961087e-05,0.00310255998163078
ZYX,1.4037138,9.182848075446747e-05,0.0031034875517729214
PPM1G,0.85865325,9.231988554339998e-05,0.0031162763812923925
CYSTM1,0.7097818,9.323909062629245e-05,0.003142965074140124
TIMM9,1.4501926,9.338127165449646e-05,0.003142965074140124
FMNL2,2.448308,9.345243892939668e-05,0.003142965074140124
STRA13,1.0093433,9.452611375290486e-05,0.0031752023935171865
NFIA,0.6864285,9.474224191788267e-05,0.0031785906905247787
LSM14A,0.70550597,9.568420107578612e-05,0.0032062927062795014
HDLBP,1.2551111,9.619506578455198e-05,0.0032194994225805515
C1orf43,0.7112681,9.670850514449878e-05,0.0032327601877272572
PRPF38B,0.7226902,9.804068509920433e-05,0.003273324471750432
TGFB1,0.8579568,9.856341893429353e-05,0.003286798025840323
CHMP4A,0.6310784,9.871325406822184e-05,0.0032878189863447126
SH3GLB1,0.7149348,9.908878324797667e-05,0.0032963455541769613
THOC2,0.8353313,9.969243645808322e-05,0.0033124313405313486
AK2,0.85591656,9.991970012773539e-05,0.0033159873527348815
OSTC,0.6918777,0.0001005281299445764,0.0033321691918407788
PDAP1,0.6879551,0.00010075719144393758,0.003335752491765799
NDUFA12,0.72129655,0.00010237447074847672,0.0033852315998818836
PICALM,0.8425054,0.00010299699761820834,0.0033976688998982652
ZFYVE21,0.87281287,0.00010299699761820834,0.0033976688998982652
TMEM14A,1.5107504,0.00010441077091285413,0.0034360862055306577
SSU72,0.6182074,0.00010456898244065883,0.0034371911772925973
STRN4,2.0146234,0.00010472742019280316,0.003438300945329911
IGBP1,0.724783,0.00010512450628713702,0.003447233810210065
PGM2L1,1.428809,0.00010584284415018158,0.003466667406144546
YIPF5,1.4746835,0.00010616359000219859,0.003473048025006682
ATP6V1E1,0.6574103,0.00010656581219518201,0.0034820757923207696
BRK1,0.79137224,0.00010778112393125525,0.0035176187405635
DST,0.895635,0.00010810740886323372,0.0035240970704849403
DAB2,0.86141616,0.00010868065116586129,0.003538600941974171
CD81,0.6889513,0.00010909186448334497,0.0035478012249076504
LSM3,0.67486817,0.00010950454542899612,0.003557027507468616
CNRIP1,1.0103143,0.00011025108516267994,0.0035770640313133968
ERH,0.7307978,0.00011362750966668555,0.0036822790382936006
UFM1,1.3210281,0.0001148321276132097,0.0037169488442688934
PLAT,2.2521026,0.00011561287436017253,0.003737833351822788
XRCC5,0.686463,0.00011657391947907637,0.003764491277978885
PDGFB,1.1767708,0.00011754249494006866,0.003791329737376858
THY1,4.8556824,0.00011834060527031227,0.003811028564713662
STAU1,0.7463066,0.00011842959895422468,0.003811028564713662
FEZ2,0.655937,0.00011923338681872483,0.0038308382587795165
PSMD4,0.7393256,0.00011932301342706521,0.0038308382587795165
RPL36AL,0.7865505,0.00012022278019731554,0.003855237014280893
NGFRAP1,0.67483103,0.00012058447496894175,0.003862344542036557
COPE,0.7113433,0.00012112894135794678,0.003875282998572455
DDX21,0.7002852,0.00012149320572897086,0.00388243294043286
FLNB,0.8151127,0.00012342259826291248,0.0039395236283502316
SOCS2,0.6894705,0.00012425829160496834,0.003961612908533892
KDELR2,0.7118637,0.00012509931689417026,0.003979226022269236
C16orf13,0.66973823,0.00012538084900748302,0.0039835864676594085
PIK3C2B,1.4702779,0.00012566297825768573,0.00398795582783712
HMG20B,0.9635209,0.0001265129606429175,0.004010315435184343
SRM,1.8489549,0.00012698751163879783,0.004020736619948067
C4orf27,1.7654796,0.00012775028446167762,0.00404024924872035
CCT7,0.7260745,0.0001310405031539146,0.004139558987375323
COA3,0.68748146,0.00013241837284751765,0.004178299641177164
SHFM1,0.73081565,0.00013380988576371835,0.004217381748104942
LAMTOR5,0.6980838,0.0001384796265591468,0.004359578928365468
UBTD1,2.8756814,0.00014066212048048217,0.004418200408440475
TAX1BP3,0.7660478,0.00014501687540136705,0.00454980135360512
RHOJ,0.8056333,0.00014631525996226246,0.004583518422186609
ITPA,1.2968196,0.00014642395133607957,0.004583518422186609
SPG21,0.8988114,0.00014664156220616607,0.004585125853199147
POLR2E,0.6873447,0.000147077697822743,0.004588358315108152
ABI3,1.1679814,0.000147077697822743,0.004588358315108152
FMNL3,1.6569401,0.00014949835719559824,0.004658605304791196
CCNG1,1.6257116,0.0001503878594387237,0.004681034297518197
DCTPP1,1.0205774,0.0001531997751664248,0.00476318308854528
CCL18,1.5561028,0.0001551400672177587,0.004816220658274208
SYPL1,0.6156463,0.00015525491932720905,0.004816220658274208
NHP2,0.708104,0.00015606112771570575,0.004835790764206442
MAF1,0.67620486,0.00015721969151206438,0.004866222954567578
TPM3,0.761918,0.00015791871019342244,0.004876911746600453
HADHB,0.62641644,0.00015791871019342244,0.004876911746600453
SNHG7,0.6245788,0.00015873792857962714,0.004896727734193465
ARF5,0.7883187,0.0001590902450413575,0.004902112600838612
LAMTOR4,0.71518433,0.00015991518061895144,0.004922032199898931
PHB2,0.7232329,0.00016074414028159197,0.004942031104443415
USP22,0.9011782,0.00016494994111691252,0.005058161099525632
SMIM10L1,1.2981787,0.00016507161467739026,0.005058161099525632
SWAP70,0.8138501,0.00016507161467739026,0.005058161099525632
FAM118A,0.96427876,0.00016727623020005992,0.005120026499952555
SCARB1,1.4381833,0.00016950852245115427,0.00518260092256977
MAGOH,0.6042997,0.0001721482743201389,0.005257480741086147
SREK1IP1,0.73772734,0.00017265544789566489,0.005267137104056024
PEBP1,0.6865163,0.0001752124644055783,0.00533923684351054
FAM127B,0.9573192,0.000177023519734754,0.005388470890998946
LRRC59,1.6691307,0.00017741388641011349,0.005394399293735512
ITSN2,0.631525,0.00017885216722058955,0.005432142144944293
ASNA1,0.9069242,0.00017924632423562415,0.005438124455192567
EDF1,0.82313794,0.00018202837772630625,0.005514445532308386
TSPAN15,0.87219673,0.00018216186380205017,0.005514445532308386
MYDGF,0.6726899,0.00018256287442254426,0.005520525165378209
JTB,0.6626004,0.00018444525528471057,0.005571337623484938
GGCT,1.0228099,0.0001855290779147668,0.005597944103647089
STUB1,0.7835154,0.0001881271982239784,0.0056701331941211765
PPIA,0.7324588,0.0001895083282043164,0.0057055247546055
ETHE1,1.0413923,0.0001897856953433783,0.00570764439059944
SEPT2,0.6644194,0.0001902024615443932,0.005707729580491051
RPL17,0.6297587,0.0001902024615443932,0.005707729580491051
ACP1,0.6541014,0.00019258043059712217,0.005772807733703734
MRPL4,1.0178361,0.00019286202127996027,0.0057749715774796356
LYL1,1.0083969,0.00019370911672333832,0.005794045575917814
YIF1A,1.048371,0.00019413397441094045,0.005800462347025911
CXXC5,1.2183081,0.0001948440170232945,0.005815376949641143
NUDT14,0.8776542,0.00019770866341841327,0.005894496778111353
ZCRB1,0.7394134,0.00019886556422220967,0.005922585885658854
EIF4H,0.5962079,0.00020046669111023808,0.005963829997236403
ARL2,0.6609381,0.0002083524052366596,0.006191748525448921
KLHDC8B,1.7354027,0.00020941543250490912,0.006216640255780822
GNAI2,0.7442057,0.0002106365574833054,0.006243992963029814
RALGDS,0.8755219,0.00021078966743711498,0.006243992963029814
RAB2A,0.644252,0.0002117105243130172,0.00626454167328797
PNRC1,0.64668745,0.00021309889577876984,0.0062988653245304544
WAC,0.7643829,0.00021402922181334614,0.006319590877054025
TMA7,0.81838036,0.00021511942225474273,0.006344987622397106
CDK4,1.0042523,0.00021873833551259268,0.006444835274322949
ZNF106,1.0792537,0.00021937351719631364,0.006456651928751267
RNF187,1.1180956,0.00021985103943690724,0.006463808065662076
PVRL2,0.6394452,0.00022144983766376802,0.006503880322781038
MYO10,0.5941046,0.00022386851315000668,0.0065679211230328565
ARPC1A,0.60713696,0.0002246802336534427,0.0065847305884108856
TFG,0.7601648,0.00022598473528677343,0.006613698550637635
COX14,0.73145866,0.00022614829694870149,0.006613698550637635
WDR33,0.93860793,0.00023194345746859537,0.006775992235242503
CARD19,0.95544535,0.00023328749215430807,0.006808044929768792
CCDC12,0.69827163,0.00023446951442250148,0.006833019779362859
SNRPB,0.69375396,0.0002346388328035618,0.006833019779362859
PHF14,0.6055483,0.00023548714709819784,0.006850490023917828
PRMT2,0.8002547,0.00023770625239897853,0.006907758723560622
MPRIP,1.0044401,0.0002383929917189729,0.006920423079606142
PAFAH1B2,0.8875831,0.00024011799286688973,0.006963169303136787
CRIM1,0.6291869,0.00024063777243649523,0.006968618168155423
C19orf24,1.0289735,0.00024081126674349546,0.006968618168155423
AKR7A2,1.3631078,0.00024255267606924626,0.007011653774253326
UBN1,1.618173,0.0002441300385895483,0.007049861993950328
IFT20,0.9689152,0.0002474916799577959,0.007137134692055641
IL32,0.70801735,0.000247669805652957,0.007137134692055641
PA2G4,0.61850387,0.00024999640932137724,0.007196660726790127
CAPZB,0.63331634,0.0002523435000086414,0.007254303811474218
WNK1,1.1088592,0.0002525248987966948,0.007254303811474218
HSPD1,0.77333,0.00025507735681035165,0.0073200034819103825
F2R,2.4580376,0.00025599479761198373,0.007336339558054314
NOP10,0.7409947,0.00025617865669759607,0.007336339558054314
VTI1B,0.92318153,0.00026194008806185,0.007485786267947875
SH3BP2,1.1736319,0.00026194008806185,0.007485786267947875
MTCH1,0.62494636,0.0002638243801026056,0.007521657526379581
ARPC4,0.62321573,0.0002638243801026056,0.007521657526379581
SOD2,0.58647346,0.0002640135066188786,0.007521657526379581
ATP6V0D1,0.69208294,0.0002685908550874525,0.00763628721814615
FDX1,0.68778795,0.00026974675982089854,0.00766125246379067
CCNY,1.039295,0.0002720725714544747,0.007719359439888379
CTNNBIP1,1.162382,0.0002748097712228145,0.007789007061441705
ATP5I,0.6685425,0.00027520290003004664,0.007792141249516044
MYL6B,1.2904774,0.000275793581609114,0.007800856813965278
LAPTM5,0.8553968,0.00027678069200202487,0.007820756069704756
NDUFB10,0.64689714,0.00027796959488759874,0.007846310632354348
BLOC1S1,0.61406726,0.0002789640013437834,0.007866328455070407
NOP56,0.7595957,0.0002799617406424966,0.007886399268068204
HNRNPC,0.6671882,0.00028216854961331445,0.007940453327791823
GTF2I,0.6250812,0.00028257153467351533,0.007943687852422228
CHD3,2.086244,0.00028439164994204245,0.007986713769960943
AKT3,1.2918376,0.00029199037354607266,0.008189274771501736
MLLT4,0.59004307,0.0002921983601116001,0.008189274771501736
FGFR1OP2,0.9561201,0.00029344919670938255,0.008215981671930307
ATP5J,0.7542291,0.0002963873475553695,0.00828982786093507
AKR1A1,0.8158096,0.000298078638985121,0.008328685618978387
C8orf59,0.6022696,0.00029914028181736473,0.008349889364331259
CCT5,0.7158067,0.0002997789662561538,0.008359256149051779
ATP5F1,0.6765233,0.0003019171499074262,0.008410374909239394
YTHDF2,0.6103387,0.00030256138475699755,0.00841981621476133
YWHAZ,0.57985467,0.0003075434570726754,0.008549832116078872
FYTTD1,1.0636634,0.00030929428340748124,0.00858984667453325
APOE,0.9073726,0.00031017319211834826,0.00860558983122717
LRRC8A,0.94166785,0.00031105443882362014,0.0086213661446008
FLOT1,0.61057097,0.00031193802926323213,0.00863717567371628
UTRN,0.5460793,0.00031260226362870414,0.008646885884004415
GTF2H5,0.746295,0.0003130458219541847,0.008647947943389028
RSF1,0.6144464,0.0003132678220119529,0.008647947943389028
LYPLA1,0.9130548,0.00031393470684862036,0.008657691345471253
CHST1,1.8472279,0.0003143800348629141,0.008658801740230442
MAP2K2,1.4733499,0.00031460292057839225,0.008658801740230442
DBI,0.6737064,0.0003163913392658265,0.008694339852926017
PLCB1,2.568105,0.000316839928645683,0.008694339852926017
SGCB,1.499888,0.000316839928645683,0.008694339852926017
PLS3,0.6379118,0.0003177388941501602,0.008701691383190782
ARF4,0.6723801,0.0003177388941501602,0.008701691383190782
NDUFS3,0.81833464,0.00032045013721764226,0.008764748914153884
PHB,0.6469922,0.00032067704889336674,0.008764748914153884
MRPL34,0.66402435,0.00032135868663070373,0.008774683029605494
RABAC1,0.7005711,0.00032249776408441833,0.008797075507339356
SYNCRIP,0.6467515,0.0003263989575389411,0.00889219830530021
NDUFS6,0.6189968,0.00032662980938679787,0.00889219830530021
SLTM,0.5848547,0.0003273232820924463,0.008902289421642489
LAMB1,2.571688,0.00032964482205121375,0.008956595963082141
RBM25,0.5896012,0.0003331560393016949,0.009043087846321006
STC1,1.6031845,0.0003412447744118479,0.009253538238672507
H3F3A,0.40960696,0.00034244967512193496,0.009277089528990886
MAPRE1,0.690292,0.0003434164600595674,0.00929415028019897
EMC8,1.7288712,0.0003460883003227863,0.00935727759441353
STRAP,0.6663649,0.0003480436567139471,0.009400928467049199
FUNDC2,0.619979,0.00035025578254754955,0.009451422672305598
HBEGF,0.97350913,0.0003547195421658705,0.00956251762839724
C1orf123,0.7825709,0.00035672046414050255,0.009597694595187101
STK25,0.8754253,0.00035747352743176387,0.009608581812391017
KDSR,1.227821,0.0003607540137277067,0.009687316641268446
PYCARD,0.8129889,0.00036278674406977057,0.009720350376584596
PIN4,0.6722664,0.00036278674406977057,0.009720350376584596
WASF2,0.71852577,0.00036304158705787706,0.009720350376584596
SDHAF2,0.92341924,0.00036559923959700286,0.00977933640116988
POLR2G,0.59365606,0.00036688437435976253,0.009801587152342256
OXA1L,1.1423966,0.0003671419076209134,0.009801587152342256
SRP19,0.7758518,0.00036946732458806395,0.00985412947532846
CCDC25,1.0380875,0.00037050525695829305,0.00986273549845155
KLF6,0.6063615,0.00037311202612284113,0.009910393023000874
MEA1,0.8128679,0.00037337364387910317,0.009910393023000874
SPTSSA,0.8663581,0.00037442183069041814,0.009928658891134954
PLOD1,1.5915464,0.00037520977527588444,0.009939995372294275
PEF1,0.8744931,0.000375999269669191,0.00994181002774396
MRPL12,0.8243398,0.000375999269669191,0.00994181002774396
AKR1B1,0.6523674,0.0003789073873219333,0.01000910721031061
MRPL36,0.7825028,0.00038103557226507636,0.010055692834379211
PIM3,0.6168736,0.0003829068935022638,0.010095417121420105
RAB4A,1.148431,0.00038424880653408036,0.010121120904103982
C19orf70,0.56962353,0.0003847868013640317,0.010125620618337085
MT-ND4L,0.66945004,0.000385325500102244,0.010130130259122674
KCNC4,1.8882618,0.000386405012695669,0.010148835657258246
MYADM,0.67216486,0.000387758378042784,0.010174691293685915
NAV1,1.5001711,0.00038884425830464504,0.010193485699168727
APOPT1,0.97357416,0.0003904784080067807,0.010226603547968659
RBMS1,0.5837659,0.00039431641404248023,0.010317322643703528
HOMER3,1.3465266,0.000395695651816263,0.010343596858567679
CTSD,0.5459043,0.0003979118114157101,0.010391677968960655
SF3B1,0.5487073,0.000400698318972901,0.010454548950458527
ROCK2,0.96890485,0.00040153781952057926,0.010466550081983493
FKBP2,0.6083695,0.00040265970973796543,0.0104858824127985
ZNHIT3,1.4795879,0.00040576002518809853,0.010556650919469229
CCT2,0.6619132,0.00040774454821546974,0.010598283836650542
RAB11B,0.6137868,0.00041059531287901163,0.010662332898848761
CHCHD1,0.7120889,0.0004123146963665894,0.010696909403949014
YWHAQ,0.6548391,0.0004169326524424731,0.010806549519791845
TCEB1,0.5617473,0.00041751328129426745,0.010811437813646298
TWF2,1.1073529,0.000420427769784358,0.010876695154890268
MAP4,0.7031518,0.0004224792040772834,0.010916886297733096
ATP6V0B,0.61296666,0.0004227730279925646,0.010916886297733096
RBPJ,0.68457955,0.0004245399824780317,0.010949629545616263
TADA3,1.2986721,0.0004248351444560665,0.010949629545616263
UQCC3,0.85527617,0.0004289875831646604,0.011046330129332404
MRPS5,0.7284032,0.0004298823076980418,0.011048736516026652
NDUFA8,0.57326156,0.0004298823076980418,0.011048736516026652
KRTCAP2,0.5747231,0.0004319767783042091,0.011089608022031206
ZFP36L2,0.64508,0.0004322767649461,0.011089608022031206
MRPS34,0.64339304,0.0004358918077546961,0.011156363016006376
MECOM,1.1016016,0.000436497051790227,0.011156363016006376
NIFK,1.3674241,0.000436497051790227,0.011156363016006376
LSM1,0.6808704,0.00043710308028324424,0.01115892081004316
MRPS26,0.84807825,0.0004374063889932793,0.01115892081004316
DNAJC19,0.7328382,0.000440145022350594,0.01121840982105793
KHDRBS1,0.547393,0.00044075577724650634,0.01122360371643966
ALDOA,0.7409698,0.0004419796610382067,0.011244386616339173
ATRX,0.6134242,0.00044659753415703194,0.01135139796956924
AP2A2,1.2722803,0.0004493898325606271,0.011409251800606575
C1orf54,0.5470576,0.0004503242137136829,0.01141455989503304
ACTR2,0.58909464,0.0004509481414394456,0.011419878645194703
RAB32,1.2823722,0.00045628419377660685,0.011544408711900243
FHL3,2.2297425,0.0004569158237696551,0.01154979338947713
ELK3,0.6343374,0.0004661666281152395,0.011772841822492743
PPID,1.6648607,0.0004681022756422141,0.011810909933816085
HDAC2,0.74921733,0.00047362740740491174,0.01193939363931687
DNAJB11,0.6860628,0.0004755919354195884,0.011977967484019553
ESF1,0.687095,0.00047657704730451756,0.011980894995956231
PAFAH1B3,1.5001259,0.0004811994535835294,0.012072425452010878
BDP1,0.68728447,0.00048153122043701374,0.012072425452010878
COMMD9,1.2883004,0.00048153122043701374,0.012072425452010878
ENTPD1,0.60540545,0.0004855290987552866,0.012161599895979378
FGD5,0.9056896,0.0004872039999300212,0.012192479047250567
INO80C,1.0161502,0.0004912457723222495,0.012282480425297369
AC090498.1,1.1711398,0.0004925999632880434,0.012305182778584839
DAD1,0.7620442,0.0004939576346388815,0.012327930903231742
NDUFA10,0.72385,0.000495318794581154,0.012350724879709825
ANKRD10,0.95741343,0.0004973670935975557,0.012390595941493577
CMC1,1.0402391,0.0004983942022378787,0.012404977715989366
TACC1,0.5503787,0.0005070306726811933,0.012608558964113569
URM1,0.7589614,0.0005115765806072895,0.012710143189178224
TSN,1.1092728,0.0005126310178765175,0.012724876877586498
ALG5,1.2724594,0.0005133351011741844,0.012730895162033865
LMO4,0.84447765,0.0005168690587536812,0.012807021475569648
PPP2CB,0.67134106,0.0005197125377950144,0.01286591774444426
BCL7B,0.8033322,0.0005232873896769903,0.01293120038755559
EIF4G3,1.8228588,0.0005261637571336872,0.012990639296537893
RIC8A,1.2240318,0.0005392906790378537,0.013290936860148286
EIF4EBP1,1.106976,0.0005392906790378537,0.013290936860148286
PLA2G16,0.5608491,0.0005400288248236301,0.013297245474094707
GRINA,1.1661851,0.0005415079411646667,0.013316242696441825
CELF1,0.7071515,0.0005418783095458168,0.013316242696441825
SREK1,0.61610794,0.0005422489139206675,0.013316242696441825
TMCC3,0.9410281,0.0005429908312027252,0.01332259888159142
NUDC,0.5848788,0.0005452222612433814,0.013365457351617753
MRPL28,0.73299277,0.0005463411770895151,0.013380991990918871
ABRACL,0.7415123,0.0005474622318041623,0.01339655140079431
PSMD7,0.60035175,0.0005512145763745352,0.013476414527710047
NCOA1,1.1727289,0.0005527222112862751,0.013501304820950306
RNF10,1.1705508,0.000556888035835251,0.013591025002004027
UFC1,0.5808684,0.0005580292347382189,0.013606834867913883
PPCS,0.764169,0.0005637679733455322,0.0137225005903999
LMAN2,0.45815083,0.0005656930678834104,0.013757216425122303
NAP1L4,0.7597282,0.000568785957012263,0.013820245922893559
SNRPF,0.56684834,0.0005730643971203108,0.013911945373049234
BCAP29,0.65912735,0.0005742364346044171,0.01392813754927055
ANXA6,1.5673811,0.0005789469404059112,0.014030051601506345
CYC1,0.5729104,0.0005797355137412372,0.014034061381548325
EIF3B,1.0867227,0.0005801301753196421,0.014034061381548325
RWDD1,0.57206756,0.0005856817676129651,0.014143547974807661
DAP,1.5735942,0.0005856817676129651,0.014143547974807661
TESC,3.3492866,0.0005904795991847045,0.01424693472118616
TRAPPC2L,0.72780937,0.0005924894732209006,0.014282932423501744
KMT2E,0.52360106,0.0006018171826385702,0.01449512162690523
GYPC,0.63706887,0.0006059151852929105,0.014568377489108882
SSRP1,0.9116043,0.0006059151852929105,0.014568377489108882
GPBP1,0.58180964,0.0006079739113278832,0.014605143315853976
INHBB,2.9529881,0.0006121109066600916,0.014691727227042654
CTSB,0.56100047,0.0006129414428944764,0.014698868793168583
PITPNC1,1.7833549,0.0006146056622004963,0.014725973025339087
HGSNAT,0.84914213,0.0006204635989619208,0.014840542178813402
RAPGEF5,0.5277365,0.0006221468122542093,0.014867907095620957
IDH2,0.8581991,0.0006276466420784575,0.014986354195012729
TIMM10,1.1231886,0.0006297739793079911,0.015024140831622646
PPP1R18,1.0835644,0.0006314806766508291,0.015051835869210516
SYF2,0.5732604,0.0006387822531380091,0.015199600497877493
CFDP1,0.5563874,0.0006387822531380091,0.015199600497877493
SHISA5,0.5312454,0.0006431139028977809,0.01528947863285776
LYPLA2,1.8518173,0.0006448542001002928,0.015317647829772503
COX6B1,0.68510836,0.0006492241242933105,0.015394929406501218
UQCR11,0.6846116,0.0006492241242933105,0.015394929406501218
CNIH1,0.70439523,0.000650101407419041,0.015402488499830166
RNF19A,0.78338003,0.0006536215763565075,0.015472597281338853
REPIN1,1.7997669,0.0006549462035703556,0.015490657291649456
THRAP3,0.53709507,0.0006571594644936545,0.01551639016421747
SF3A1,1.6762686,0.000662946534554717,0.01563681205296769
AFAP1L1,0.669247,0.0006633936508076074,0.01563681205296769
MAP3K11,0.5693628,0.0006642887246004226,0.01564453838345897
THUMPD1,1.0565284,0.0006651849211806015,0.015652277949077326
TXNL4A,0.98937774,0.0006665313240922451,0.01567058896488997
RAB1B,0.8796824,0.0006692317348160371,0.01572067528343839
YES1,0.5867494,0.0006728481068292352,0.01576533992365051
SNRPG,0.5535772,0.0006728481068292352,0.01576533992365051
LASP1,0.8109269,0.0006728481068292352,0.01576533992365051
SPCS1,0.52714497,0.0006751175564687502,0.01580508656391782
RPL7L1,0.66106576,0.0006893477292773697,0.01612453916710034
SIVA1,0.5657934,0.0006921339565968365,0.016175991741548778
CYTH2,0.7361691,0.0006958652093292859,0.016249424845794284
GPRC5B,1.6507641,0.0006968009390427832,0.016257509557463516
MRPL47,0.76193327,0.0007014971534357799,0.01635324471466774
NAA20,0.8618888,0.0007048019859525067,0.01641074414096954
ZSWIM7,0.9635734,0.0007052752841960611,0.01641074414096954
CTNNA1,0.5653404,0.00070574887777177,0.01641074414096954
HDAC5,1.3200288,0.0007095482785386074,0.01648519159691467
WDR82,1.1186,0.0007186481565469667,0.016682557964017044
MAF,1.5664228,0.0007283440277421713,0.016893415977353745
MRPL15,1.3621867,0.000729320269239936,0.016901844021091558
RPS6KA2,0.6149171,0.000732256291598955,0.016955637287754812
SEMA6B,3.55819,0.0007361880680559216,0.0170294939777692
CPD,0.54902035,0.0007366809165087625,0.0170294939777692
PROCR,0.946486,0.0007401394458578484,0.017095113599554224
PPP2R5A,0.6435809,0.0007486016135263168,0.017276096483538714
NCKAP1,0.8872083,0.0007566480005959774,0.017447189431802564
ARL16,0.90041673,0.0007581656100764964,0.0174675782745945
TES,1.8849596,0.00076222639760852,0.017543550655133737
S100A11,0.685835,0.0007627354135726069,0.017543550655133737
FAM129B,0.9234499,0.0007647746352018815,0.01757579574133124
TMEM256,0.7942588,0.0007745302480508934,0.017785175004785624
TP53,1.309733,0.0007755638474649218,0.017794092999490526
UPF3A,0.51515937,0.000779711063006428,0.017874373811796566
MANSC1,1.3108181,0.0007859704994108988,0.01800290235278552
ATN1,1.2195367,0.0007880673215688725,0.018018060887252833
ATXN10,0.9876341,0.0007880673215688725,0.018018060887252833
ZNF580,0.83311534,0.000788592337766124,0.018018060887252833
KIF1C,1.232473,0.0007896433442292831,0.018024226564763327
YWHAG,0.87135226,0.0007901693348610799,0.018024226564763327
HSBP1,0.6534893,0.00079386038451934,0.01807851501591607
MRPL54,0.610973,0.00079386038451934,0.01807851501591607
MCTS1,0.6583453,0.0007949179055372571,0.01808766171526937
SLFN5,0.5427623,0.0007996929494442346,0.018166336210686244
UHMK1,1.110859,0.0007996929494442346,0.018166336210686244
KLHDC3,0.8711532,0.0008007576789506388,0.01817268949555883
RBPMS,0.9799606,0.0008039597659946496,0.0182182435715698
TP53I3,1.7624863,0.0008152608808049963,0.018444023437932885
LLPH,1.048375,0.0008152608808049963,0.018444023437932885
AHR,0.6415089,0.0008190605544195729,0.018514796696543427
CD164,0.6690216,0.0008217846592570834,0.018561160796881117
NTPCR,1.012452,0.0008267092407785922,0.018641854000157002
TNIP2,1.0234928,0.00082780730364375,0.018651364231934097
DESI2,1.328882,0.0008311096156371841,0.018710482432687563
MFSD10,0.8279568,0.0008355317096435217,0.018794692894411942
DDX46,0.55898285,0.0008371956142627324,0.018801450040828692
EIF4G1,0.5783901,0.0008399756203537587,0.01884853348910981
C12orf10,0.83884335,0.0008422057875647518,0.01888038240847686
PIGT,0.8965698,0.000842764186845856,0.01888038240847686
PPP1CA,0.5679064,0.0008466826070941542,0.018952770242242355
CUEDC2,0.67405283,0.0008511814889109907,0.01903519836934503
EIF5A,0.61285394,0.0008517454053148078,0.01903519836934503
SNX17,0.52750766,0.0008534392340725699,0.01905480350712486
PPIG,0.50646937,0.0008540045374866316,0.01905480350712486
SNRPB2,0.5495297,0.0008551361862208308,0.01906462873370903
PLD3,0.6721923,0.0008568362670002328,0.01908710062304719
PCDH12,0.73894596,0.0008613851512136298,0.019172945682138405
MAP3K13,0.9490446,0.0008676764382593023,0.019297403882512127
COPS8,0.89860654,0.0008722786509663334,0.019384126217848144
ITGAE,1.3445462,0.0008774831877841445,0.01948127765576478
AP3S1,0.6223997,0.0008780632433865989,0.01948127765576478
HMGN2,0.5537027,0.0008809688574468866,0.01953003147159987
CCNC,0.9399436,0.0008891520659201153,0.019695610983088307
PLEKHO1,2.0669188,0.0008985905575108446,0.01988870818221033
EMC10,0.8016394,0.0009153316961641551,0.020242997206748253
MT-ATP6,0.30901614,0.0009201676964439179,0.020333641612604463
PLCG2,1.5049431,0.000921380390264443,0.020344138032596326
IGLC2,1.9690198,0.000926245989798233,0.020435209525324537
POP7,0.9749015,0.0009286877071609095,0.020466943392141952
ZNRD1,1.2177494,0.0009299108010136292,0.020466943392141952
MRPL55,0.49163347,0.0009299108010136292,0.020466943392141952
ZNF706,0.5391567,0.0009366645367793284,0.02059915039497633
EBNA1BP2,0.95107585,0.0009447048023588998,0.02075941756131772
SPATS2,0.86397874,0.0009496843867540262,0.020835637245745848
DUSP11,1.2650071,0.0009496843867540262,0.020835637245745848
PNP,1.5007277,0.0009546882749235418,0.020928770465692716
AIDA,1.0999303,0.0009635038843751871,0.021105250296504296
BGN,2.6918106,0.0009654027256752508,0.021113304019565474
CDC123,0.8349905,0.0009654027256752508,0.021113304019565474
DDX24,0.48693627,0.0009673050322173524,0.021138144356965247
DBN1,1.1526055,0.0009685751645485267,0.021149141637307415
SRRM1,0.5403792,0.0009755885436145409,0.021285427892248264
ATP2B1,1.0169592,0.0009826489240884416,0.021422523342696474
RBM22,1.0163884,0.0009845826772125956,0.021444845306146553
ATP5B,0.647155,0.0009852280441978274,0.021444845306146553
TMEM134,1.0857577,0.000994955669763114,0.021639501151993028
HACD3,0.8735842,0.0010120278027827994,0.02199346158009775
LPP,0.5716029,0.0010153418326364486,0.022048107921612582
SMS,0.8533011,0.0010193319269770124,0.02211439823222792
DAPK3,0.8759555,0.0010199983519977487,0.02211439823222792
PSMG2,0.6382995,0.0010233365302214934,0.022169343935937426
CHMP2B,0.87414354,0.0010260143498446268,0.022209908744124898
CBX1,1.1654421,0.0010340867689714493,0.022332063363112473
TMEM208,0.6596623,0.0010401796104781886,0.02244315837483161
YWHAB,0.6767206,0.0010408586395463642,0.02244315837483161
CCDC90B,0.7402061,0.0010435788596507161,0.02248423264956832
ASAP1,0.59831595,0.0010463056566828413,0.02252538438719703
SMARCC2,0.91652304,0.0010476715260515697,0.02253719605729344
RELB,1.343609,0.0010504082155189912,0.022578455002013047
TSPAN3,1.3435625,0.001053838378618774,0.022634544241081425
SUN2,1.7124147,0.001058658020059044,0.02270269897137505
WBP4,0.9384096,0.001058658020059044,0.02270269897137505
U2SURP,0.51377064,0.0010704478899219887,0.022937693790418497
ATP5C1,0.5706761,0.001076738644861153,0.02305457946271807
MAPK3,0.54423654,0.001079545497632923,0.023096746108394687
PRKAA1,1.067466,0.001086592265530433,0.023229489533952156
RCN1,0.54450375,0.0010901315808311907,0.02328710204195397
TIPRL,1.2628273,0.0010922602847437174,0.02331451558255591
FRMD4B,0.85392565,0.0010951045368370743,0.023357148427604665
RAB18,0.6325011,0.001098669483977126,0.023415074983864897
AKAP13,0.6225611,0.0011000984654534088,0.023427425081292745
WDR60,0.61961514,0.0011065501766777776,0.02354377000618422
CGGBP1,0.8466391,0.001107269189137027,0.02354377000618422
PLK2,0.5248117,0.001117380829892152,0.02374046881877178
DDX39A,0.9946414,0.0011268465912079894,0.023923152649987633
NBEAL1,0.67124176,0.001135649962404032,0.024091503587060303
RHOG,0.5799702,0.0011371233572200598,0.02410421825166396
MYCT1,0.487465,0.0011400754494720687,0.024148234059555077
TNFRSF1A,0.50862455,0.0011467435775497862,0.02424933966268178
IMPDH2,1.1904289,0.001147486701711499,0.02424933966268178
PSMC6,0.6770683,0.001147486701711499,0.02424933966268178
TCF7L1,1.1109465,0.0011519548020677288,0.02430651073559589
FLOT2,1.1107686,0.0011519548020677288,0.02430651073559589
SPATS2L,0.76164025,0.001154942463256769,0.02435091991719815
EPRS,0.95166147,0.0011639484700329756,0.024494852901910953
ARL2BP,0.45993826,0.001164701892579747,0.024494852901910953
PDCD6,0.5320294,0.001164701892579747,0.024494852901910953
FRMD8,1.8066373,0.0011662100899343347,0.024494852901910953
PTPRM,0.5225782,0.0011662100899343347,0.024494852901910953
HINT2,0.68954146,0.0011829197980659503,0.024826911865344577
MVB12A,0.7814488,0.0011898191292620112,0.02495272391390703
GON4L,0.86018,0.0011913573542598939,0.024965997808342973
SMARCC1,1.8676331,0.0011967556221431392,0.02506008090164274
ST6GAL1,1.3454957,0.0012130863080783653,0.025382772537318025
LRRFIP2,0.73064107,0.0012209349549287551,0.025527630164537685
NUBP2,1.1271478,0.0012232986789194372,0.025557674975182
GRN,0.6210138,0.0012312083179134318,0.025703454194864965
NPC2,0.6297008,0.0012423611795083275,0.025916669144085212
DOCK9,0.5979142,0.0012544141470320744,0.026148324525208273
LMNA,0.58814585,0.001265760904755047,0.02636492011430112
SLC35F2,1.7783935,0.0012673895834412732,0.026378920703504477
BOLA3,0.9771892,0.0012804888309975685,0.026631463786765418
EIF1AY,0.8736783,0.0012821349954485067,0.026645605805937393
PFKP,1.6580539,0.0012837831131960633,0.026659767090151384
MGST2,0.6613866,0.0012879119669838243,0.026725384669285108
SUMO3,0.49525824,0.0013020419262561877,0.02699827988142342
ADAMTS1,2.3758802,0.0013070630339646297,0.02708203181869013
SRP72,0.6280804,0.0013112609342287626,0.02714861414726788
NDUFB6,0.49775767,0.0013332912831164115,0.027584026260903526
DDB1,0.8008394,0.0013358551032158178,0.0276163508519384
PRPF40A,0.55999666,0.0013427142106615883,0.027737357679120063
NQO1,0.93204767,0.0013461559352529245,0.027787641004794274
AP2B1,0.632459,0.0013565300005505846,0.027980840953765164
PSAP,0.6869787,0.001359135014549676,0.02799270009802163
TNS3,2.3786402,0.001363486961036976,0.028061375680207258
PIGS,1.0754483,0.0013652313357775422,0.0280763234735817
POLR2J,0.51369256,0.0013687262621198426,0.028127222695038017
VMP1,0.6008929,0.0013810235918809118,0.028337699863758767
BLOC1S6,1.5528388,0.0013810235918809118,0.028337699863758767
C11orf58,0.5333957,0.001382788647709649,0.028352821804116503
CHST15,1.5729082,0.001391645174544337,0.028513217402365326
SH2B3,0.9551732,0.0014005539841659277,0.028674445267504046
EIF3K,0.7208701,0.0014032368637612624,0.028708061000599475
CALD1,0.6340145,0.001405924481376882,0.02874172375642079
COMMD4,0.53600734,0.0014131146827581244,0.0288459487202839
NT5C3A,0.99742264,0.0014131146827581244,0.0288459487202839
NDUFA11,0.5979002,0.0014176257591262508,0.028916629574840046
FLI1,0.5398188,0.0014285065645099747,0.029117039198858892
PLEKHG1,1.3886842,0.00143580315004837,0.02924415012705609
NRN1,0.5331195,0.0014403809457910503,0.02931573854097829
EIF5B,0.5542457,0.0014532704423979343,0.0295562627289456
EIF4E2,0.88048303,0.0014737403028109804,0.02995048641924924
TARDBP,0.75696045,0.0014992254519168293,0.030420502940243066
EIF2A,0.91301364,0.0014992254519168293,0.030420502940243066
G3BP2,0.86169004,0.0015001770976405312,0.030420502940243066
PRKCSH,0.73628485,0.001505898668512677,0.030514087788569146
C5orf24,0.763879,0.0015154793113390597,0.03068567433781835
HERC1,1.1255053,0.001530925191602978,0.03095297282553294
CBX5,0.9379379,0.001530925191602978,0.03095297282553294
HRAS,2.8081121,0.001541628202351408,0.031128244330935133
NOB1,1.3797414,0.0015435815924453207,0.031128244330935133
CERS2,1.0105768,0.0015435815924453207,0.031128244330935133
CASP4,0.48916823,0.001545537261786176,0.031128244330935133
TECR,0.82432973,0.0015465159519222102,0.031128244330935133
VDAC3,0.5527497,0.0015465159519222102,0.031128244330935133
ENSA,0.52754843,0.001547495212767861,0.031128244330935133
NANS,1.0319836,0.0015533827795294324,0.031201158262099554
RFK,1.0602098,0.0015533827795294324,0.031201158262099554
PDS5A,1.3255866,0.0015612649571266966,0.03133665574064049
SHARPIN,0.77748126,0.0015711694668812458,0.03150953036614799
ZNF32,1.425663,0.001572163093183684,0.03150953036614799
PPP1R2,0.5690853,0.0015881400023106127,0.03180662671294268
ATP1A1,0.5595715,0.001597192567372284,0.031961708779811825
FAM110D,1.0164964,0.001598201334663881,0.031961708779811825
TBC1D1,1.338333,0.0016042662650004949,0.032036535160161944
OXR1,1.582271,0.0016042662650004949,0.032036535160161944
TMOD3,0.47625554,0.0016083213140233935,0.032094272936423404
BLVRA,1.1401441,0.0016103523745570594,0.032111567451579594
RBX1,0.5345301,0.001620543136127831,0.032291429630154134
DPM2,0.93836075,0.0016359406097598843,0.03257470767939213
COMMD1,0.7073236,0.0016556373366476394,0.032943121551276044
ASAP2,1.0644381,0.0016619025431614865,0.033043942563307484
PRRC2B,0.77235526,0.0016650433197735236,0.03305573398306766
CLIP1,0.8645882,0.00166609145828066,0.03305573398306766
FAM127A,0.6324477,0.00166609145828066,0.03305573398306766
PDCD6IP,0.51993793,0.0016692395171328696,0.033091422399532465
RER1,0.5453441,0.0016702900855808684,0.033091422399532465
TDRP,1.6861558,0.0016776611141750709,0.033213595266848604
NDUFA9,0.6302261,0.0016893046400728484,0.03342011719076687
HDAC1,0.56328946,0.001691429614290965,0.033438169106033144
LINC01420,0.60105234,0.0017074454633932556,0.03370646455938382
FAM32A,0.4973039,0.0017149671572590857,0.03383073266301221
NDUFA5,0.47215,0.0017214385652713502,0.03393411919446269
SLK,0.7234982,0.001726848552152915,0.03401644955090935
SH3BGRL,0.5457288,0.0017366259464563195,0.03417874618654972
CASP10,1.2717559,0.0017377154601210287,0.03417874618654972
POLR2K,0.48222607,0.0017388056022818645,0.03417874618654972
HNRNPUL2,1.5915719,0.001740987773394334,0.034197265537513497
UBALD2,0.89917517,0.001746454222665186,0.03428022388089715
PDIA4,0.5838171,0.0017508387400113881,0.03434184265436278
CREB3L2,1.9495865,0.0017574344949608531,0.03444382526259753
HAX1,0.5559222,0.001758536005864723,0.03444382526259753
KIAA0355,0.40010226,0.0017607409321210863,0.03446253614338915
MXD4,0.6603879,0.001770694588759249,0.034632776857306785
MLF2,0.6982614,0.0017829304093339713,0.03479805720354724
VCL,0.60654044,0.0017829304093339713,0.03479805720354724
APPL1,0.7566972,0.001785163436603149,0.034816999472872444
CLDND1,0.6722455,0.0017896372053235279,0.0348549539889917
ILF3,0.64861876,0.0017918779520879257,0.034873966240424006
HNRNPA0,0.5406213,0.0017963671837257983,0.03493668137714391
NDUFS4,0.4632715,0.0018008667506042436,0.03499950898390686
CDK2AP2,0.9842824,0.0018031204164282114,0.03501863017201212
PSMC3,0.53091407,0.0018065057756591464,0.035059687741821215
IFT43,1.149284,0.0018132940250197435,0.035163939886325025
COA4,0.7449634,0.0018144276763449312,0.035163939886325025
FRY,0.56306714,0.0018201057092378128,0.03524921014702276
TSSC4,0.76739,0.001822381490925534,0.035268517022276756
EID1,0.6638936,0.0018349450989468888,0.035486757320306664
C9orf78,0.60390747,0.00184413220282308,0.035639437904313176
MBTPS1,1.1386169,0.0018487415858318703,0.03570349821713678
IGHG3,2.6689134,0.0018603113917829168,0.035876690603209284
HK1,0.9261543,0.0018603113917829168,0.035876690603209284
SPPL3,0.9545508,0.0018626333202282441,0.035896367369150604
NARF,1.1056894,0.001864957910799215,0.0359160679218022
TAF12,0.8853684,0.0018942410286022563,0.03640106046086431
MRPS12,0.7678638,0.001895421090064586,0.03640106046086431
PMEPA1,1.0030389,0.001895421090064586,0.03640106046086431
ASF1A,0.51804423,0.001895421090064586,0.03640106046086431
TCF12,1.8019948,0.0019323395996283172,0.03708424598368109
TRIOBP,0.6311738,0.001960156163325233,0.03756580032813292
MIEN1,0.51836014,0.001974814637983456,0.037820443115491494
UNC5B,1.5546811,0.0019994692045850705,0.038266038670400467
RASGRP3,0.7246455,0.002011902134023367,0.03847727950908211
IMP4,1.054812,0.0020143972176199848,0.03849268801752126
BAZ1B,0.6413735,0.002016895140522091,0.03849268801752126
PEPD,0.5784887,0.002016895140522091,0.03849268801752126
LOXL2,1.2805024,0.0020244059739921855,0.03860931393551625
GLRX3,0.7541022,0.0020369810862846424,0.03879272086460868
COMMD2,0.7015615,0.002038242531467763,0.03879272086460868
GNAI1,1.2359647,0.002052165812239975,0.03903077846203726
PHLDA1,0.5453256,0.0020559781856360005,0.03904942589770635
HDAC7,0.45307758,0.0020559781856360005,0.03904942589770635
SCP2,0.53724307,0.0020597970555559287,0.03909503317145313
BOD1,0.99395895,0.002071292743554095,0.03928618382512712
SMIM12,0.68067175,0.0020738553201439564,0.03930775396490036
AP3D1,1.2046509,0.0020802744902800197,0.03940234195943845
BNIP2,0.5665517,0.0020841347353551362,0.03941863874210369
SELK,0.48433948,0.002085422943097008,0.03941863874210369
PCGF2,0.7894297,0.002085422943097008,0.03941863874210369
SNRNP27,0.79604304,0.0020957549272629696,0.03958680094798505
PQBP1,0.78049797,0.002111340956171489,0.039853908890689474
PGK1,0.51533306,0.0021152540374874845,0.03990046227484942
FOXO1,0.8422223,0.002121790621989575,0.03999112018314661
ARF6,0.60098994,0.0021244104383316333,0.03999112018314661
PMPCB,0.99887407,0.0021244104383316333,0.03999112018314661
SWI5,1.2207786,0.0021270332206229756,0.04001318018986386
VAT1,0.528093,0.002149447045161888,0.04035224684239248
KLF3,0.643551,0.002153424832397746,0.04039942178766329
CREM,0.6965893,0.0021587390473673937,0.04047158766029774
RNF130,0.7536556,0.002174753913677973,0.0407441327659043
BAG1,0.48416445,0.0021828021219849085,0.04086715337413428
XBP1,0.62066007,0.002211186328832215,0.041314428574888096
POLR2C,0.8129086,0.002222088047008345,0.04149000958726888
MRPL20,0.49162823,0.0022261888741507787,0.04153845519034518
MRPS11,0.618713,0.002248177318198849,0.04191520485591638
NSMCE4A,0.71315235,0.002250939821292775,0.04191520485591638
PRDM1,1.0404216,0.002250939821292775,0.04191520485591638
MPLKIP,0.6848294,0.0022564741601779873,0.04198990849486406
UQCRQ,0.6419196,0.002259246002222646,0.04201313975003111
OFD1,0.5775792,0.002264799047169535,0.042088024341537356
TM9SF3,0.6054499,0.002284333323054985,0.042422454130108
TBCD,1.4307772,0.002288539268041635,0.042471962270560035
CHCHD10,0.998481,0.0022941582295003893,0.04254760971967837
CDC42EP5,1.7844064,0.0023096755959433274,0.04280660859201955
RSRC2,0.39694798,0.0023267132244391233,0.043093416590720045
SF3B2,0.4667565,0.002349609112786618,0.04345910134971787
ERCC1,1.1040399,0.002349609112786618,0.04345910134971787
UBTF,0.92677504,0.0023553652290808193,0.04353636882546302
MCM3,1.1272033,0.002358248126549902,0.04356046003616423
FLT4,1.1138175,0.002366916214958154,0.04369130881935473
CTSF,1.6508092,0.00237271113621351,0.043768981748826874
LSM10,0.91645396,0.002377065848279989,0.04382000131274434
RNF125,1.0909455,0.0023814278763261156,0.0438710874905288
FN1,1.0459268,0.0023901739242012466,0.044002814740735634
BUD31,0.44273782,0.002407754294771381,0.04429191859463493
ARL5A,0.3493799,0.0024092246552822813,0.04429191859463493
CLTA,0.62972546,0.0024106958376440293,0.04429191859463493
COA5,1.015095,0.0024136406695580695,0.044316499590594166
SSB,0.42474678,0.0024224949323395826,0.04444947787362675
TMEM183A,0.93639046,0.0024597086028718914,0.045102289793883664
SMARCB1,0.60801953,0.002467213820139618,0.04520489447035405
MMP15,0.8635143,0.0024702217697738613,0.04520489447035405
NENF,0.50217754,0.0024702217697738613,0.04520489447035405
SUPT5H,0.9666967,0.00247926576275866,0.04534031247039677
RPS6KA3,0.94443923,0.0024868255550523338,0.04544842621420362
CDV3,0.6980306,0.0025126868732621363,0.045890648073392847
TCEAL1,0.93605775,0.002520339828961004,0.04599995486637099
TSR2,0.7210787,0.00252494183046369,0.04605346944479342
GPR108,1.0565797,0.002531089788893679,0.0461350920013945
KIAA1191,1.5046068,0.002540337402486881,0.04627306795626368
WDR45,1.1295333,0.002543426800839063,0.046298761923128505
TLK1,1.504219,0.0025527156249374127,0.0464371975623509
IFT57,1.4841422,0.0025870406993495137,0.04699961028106778
ATP6V1A,1.4982666,0.0025870406993495137,0.04699961028106778
RHBDD2,1.482397,0.002596475050587162,0.04713995322257587
EIF3J,0.53214556,0.0026091031193356054,0.04730693348128687
EAPP,0.6166106,0.002621787315081554,0.047505683689434364
MRPL40,1.0540153,0.0026281505298665587,0.04758971458480627
KCTD20,0.832875,0.0026313374286402627,0.04761377329680007
CHD4,0.41527206,0.002632932202393941,0.04761377329680007
AHSA1,0.875537,0.002636124400810596,0.047637912591306446
SNHG8,0.48373175,0.0026377218263443666,0.047637912591306446
ARL3,0.72218597,0.0026473249755620035,0.047780057706838304
EIF3I,0.443218,0.0026585690337153694,0.0479516133497727
CSRP2,0.8337638,0.002668241520820083,0.048094617425605383
ZNF593,1.3679847,0.002676326483254101,0.04820883850763004
PSMD11,0.6497724,0.0026828105661179614,0.048294092553786645
PSENEN,0.5919972,0.002686057988209978,0.048321009262136186
EIF1AX,0.49409312,0.0026909358570955757,0.04837720278160482
BOD1L1,0.8893519,0.0026958218194753757,0.048401936287429635
TMEM109,0.455794,0.0026958218194753757,0.048401936287429635
NUTF2,0.6691971,0.0027056180724739,0.048546216787693705
UBL5,0.63719195,0.0027220174690288294,0.04880871115791746
DHRS3,0.98062074,0.0027385076361229584,0.049040625707142176
FXR1,0.6644178,0.0027385076361229584,0.049040625707142176
SMAP1,0.75279343,0.002751765424362862,0.04924384130940936
COX7A2,0.65496826,0.002753426764055016,0.04924384130940936
REEP3,0.42150393,0.0027667505024210177,0.04945006179894156
TCAF1,0.9852186,0.002771762068529074,0.049503182817133444
PLPP3,0.5319934,0.002773434432254172,0.049503182817133444
SMARCA4,0.962584,0.0027751077175751796,0.049503182817133444
MAZ,0.84140956,0.00278684655742301,0.04968044884331724
ACADVL,0.4648015,0.0027952591902930322,0.04979822864980701
GATA2,-1.0630267,0.002605940848890844,0.047280682059678746
SERPINB1,-1.1545926,0.0022098270660571525,0.041314428574888096
NOSTRIN,-0.5349303,0.0021935755369229637,0.04104099467928188
C8orf4,-0.49259165,0.00214415380807926,0.04028029544905302
IER2,-0.34767625,0.00214415380807926,0.04028029544905302
CD82,-1.5283462,0.0020369810862846424,0.03879272086460868
BMPR2,-0.7447925,0.0019455976364227783,0.03731272017890638
IFNGR1,-0.72482604,0.0017873990343811926,0.03483596506725409
STOM,-0.29415897,0.0017818148588110364,0.03479805720354724
TMEM2,-0.9930599,0.001702091414529726,0.03362484027929856
FTH1,-0.0809797,0.0013582661642714219,0.02799270009802163
CAV1,-0.25842482,0.0010320631723734664,0.02230582928504346
RGS5,-1.3163432,0.0010293707439958404,0.022265087355229245
ITM2A,-0.5206281,0.0008366406381858231,0.018801450040828692
FTL,-0.09500674,0.0008267092407785922,0.018641854000157002
MAOA,-0.95864064,0.0008012905368989606,0.01817268949555883
ADGRF5,-0.39609635,0.0006567162566761729,0.01551639016421747
DAAM1,-1.680635,0.0006192039706745726,0.014823270054916116
SMAD6,-1.8267393,0.0005610830894606226,0.013669213287230609
LRRC32,-1.4508104,0.0005218547076995063,0.012907362447477115
ZBTB16,-1.9370887,0.00047624846538985136,0.011980894995956231
FOXF1,-1.2231888,0.00044970109171293596,0.011409251800606575
ARHGAP29,-0.18828776,0.0004352873472432159,0.011156363016006376
RALA,-0.49717742,0.00037102524477341083,0.009867053230820755
EGFL7,-0.23063456,0.00037050525695829305,0.00986273549845155
BTG1,-0.21024314,0.0003562192464444562,0.009593568728950404
SRSF7,-0.5545089,0.0002685908550874525,0.00763628721814615
PSMB9,-0.32118803,0.00013951490062785206,0.0043871629755016005
STXBP6,-1.006913,0.00012481838073962227,0.003974874485031528
CFLAR,-0.6029755,0.00010370161048637115,0.003416825584221199
ZFP36,-0.61939627,6.96381175753427e-05,0.0024371573686456866
FOSB,-0.83843666,6.126036644519017e-05,0.0021771113219400187
THBD,-1.1796025,5.818427036617678e-05,0.0020758160519513884
PTPRB,-0.50783646,4.26885515845048e-05,0.0016060912354672215
ENG,-0.42115006,2.490956556764168e-05,0.0010222559512268188
FENDRR,-1.2464517,2.269198182187835e-05,0.0009424690883791584
N4BP2L2,-0.6587225,1.7111643068096297e-05,0.0007305029296160367
LY6E,-0.5862338,1.2639918776038901e-05,0.0005595243659800976
RTN4,-0.42735174,1.0124678671002568e-05,0.000458486680441558
SULT1A1,-2.6188502,5.747363167079815e-06,0.0002785602485443359
IFIT3,-1.5672463,4.2488666702349726e-06,0.00021861053177563445
H3F3B,-0.20137784,3.871630402075268e-06,0.00020260308012985147
EMP2,-0.51162,3.3161609480893212e-06,0.0001765503602826396
HLA-DRB5,-0.7792122,3.1038545022839495e-06,0.00016715692744204142
ALDH2,-0.9415711,2.583959498137038e-06,0.00014396047482752167
HLA-DMA,-0.93628836,2.1836355438970346e-06,0.00012677958111493142
ACVRL1,-0.70152724,1.9100979796937222e-06,0.00011207804698722017
PRPSAP1,-1.3150449,1.4107624464800437e-06,8.607523617041293e-05
CD59,-0.5016444,1.4029648988255046e-06,8.578928155168462e-05
FAM107A,-1.3784703,1.002948330416518e-06,6.370371453433988e-05
EIF1,-0.28854278,5.045780463706951e-07,3.470137995713474e-05
MT1E,-2.1949236,4.414404639943344e-07,3.121550029752757e-05
HLA-F,-0.7724382,2.768677433209355e-07,2.047039845926209e-05
LIFR,-1.1149042,1.8549871700922167e-07,1.4170868747036884e-05
KLF4,-1.2847924,1.6363784289666662e-07,1.2712125158885275e-05
HYAL2,-0.8659373,1.501704181728819e-07,1.1866475049775751e-05
LAPTM4A,-0.42039108,1.111941325660658e-07,9.01915231737342e-06
WARS,-0.93552923,8.429690401074557e-08,6.981201257682707e-06
MYL12B,-0.3863029,1.7319498035778434e-08,1.5711747264167687e-06
GIMAP7,-0.68859965,1.4843669130849422e-08,1.3736869372166624e-06
BTNL9,-1.6442317,1.0475833241435193e-08,1.0066290213668982e-06
CAV2,-0.62682015,5.181240001667099e-09,5.317705930293239e-07
EDN1,-2.007584,3.7548539104095305e-09,3.9224000432300764e-07
CALCRL,-0.9861471,2.5853989300257255e-09,2.807091798907459e-07
DUSP1,-0.7576072,1.5164842097104008e-11,2.0910800767696717e-09
DDX5,-0.45104328,5.839902105587655e-12,8.65875377784389e-10
S100A6,-0.67823064,5.72768267441158e-12,8.538272042968787e-10
HLA-DPB1,-0.9197733,3.930295901446227e-12,5.92293444645268e-10
VIPR1,-2.6056015,2.54502526765436e-12,3.8777186094680635e-10
JUN,-1.0102396,1.0289942340057723e-12,1.5942473587309656e-10
UBB,-0.41975057,2.0952559598111028e-13,3.398998168215917e-11
TIMP3,-0.9552164,9.902553698525827e-14,1.6651989384021052e-11
CD14,-3.4703457,9.684034943221506e-14,1.638443654381366e-11
GBP4,-1.416155,3.872565713338289e-14,6.674851077652708e-12
CA4,-1.9978962,3.046603820179842e-14,5.3515439587846935e-12
HLA-A,-0.41494903,2.9636209299792376e-15,5.597995753901878e-13
ANXA1,-1.3413198,1.668593885485582e-16,3.334527693762419e-14
UBC,-0.75442123,1.2388492154700803e-16,2.512131151781903e-14
IFITM3,-0.55125993,3.293545254121118e-17,6.7996926706441485e-15
MT2A,-1.75752,3.2369825292043644e-17,6.7628412265452995e-15
SDPR,-1.4125317,4.0217830232858846e-18,8.733286001273868e-16
RAMP2,-0.6622991,3.008485221903078e-18,6.584762337273261e-16
MALAT1,-0.7983139,2.057145447328295e-20,4.848885226189719e-18
TFPI,-1.90319,4.963143094161899e-21,1.2112704446973172e-18
BST2,-0.9122165,1.4466272243497833e-21,3.6600995956989287e-19
HLA-DRB1,-1.1737012,3.22266792982496e-23,8.628615162010945e-21
TXNIP,-1.5729117,1.6400752145463876e-26,4.811701517740456e-24
HLA-DRA,-1.3725034,3.2589439494849447e-31,1.2311665238204904e-28
HLA-DPA1,-1.5051289,1.9180890903498744e-32,7.778979549068946e-30
CD74,-1.2874243,1.0302651547939642e-32,4.240694393866857e-30
RAMP3,-2.119474,1.1401693198372408e-36,5.5164192109599e-34
SLC6A4,-4.9450016,8.564184879833228e-38,4.5419825118469377e-35
RNASE1,-1.1931596,6.542894957211178e-38,3.5380383750974485e-35
IFI27,-0.92529786,5.683959555140351e-38,3.135044732233212e-35
ITM2B,-1.0290632,4.048947510288941e-38,2.3262890508072587e-35
HLA-C,-0.8809576,3.6552316143884764e-45,3.4759992228139794e-42
TNFSF10,-1.8935724,3.0066696674771117e-47,3.3167174435873517e-44
HLA-B,-0.8750002,1.8332324404191799e-47,2.1065368434116726e-44
FCN3,-3.3112857,8.650822181056861e-48,1.03727119177907e-44
EPAS1,-1.643291,5.3593880752601004e-48,6.718236560887412e-45
IL7R,-3.792174,2.0636685061749084e-51,3.556990628955726e-48
TMEM100,-3.6329877,5.312574224859966e-52,1.220918099776568e-48
HLA-E,-1.3085495,1.8316729212554282e-59,8.418979303730367e-56
B2M,-0.9211571,1.087833081505803e-70,3.0000260721767037e-66
