Name,Term,ES,NES,NOM p-val,FDR q-val,FWER p-val,Tag %,Gene %,Lead_genes
prerank,Translation (GO:0006412),0.75349541350056,2.2412483089860205,0.0,0.0036066551701676134,0.003,6/15,3.34%,EEF1A1;UBA52;FAU;EEF1B2;EEF1D;EEF2
prerank,Macromolecule Biosynthetic Process (GO:0009059),0.8268501477589546,2.172729626772637,0.0,0.005860814651522372,0.012,5/10,3.34%,EEF1A1;FAU;EEF1B2;EEF1D;EEF2
prerank,Central Nervous System Development (GO:0007417),0.6230720998555642,2.145627763496959,0.0,0.007513864937849194,0.023,11/26,12.74%,HSPG2;COL4A1;MARCKSL1;SOX4;MARCKS;CXCR4;GSN;COX7B;CCL14;APOD;NES
prerank,Regulation Of Translation (GO:0006417),0.5655125506650994,1.9849855057374695,0.0014265335235378032,0.06559604090742348,0.214,14/33,17.06%,VIM;GAPDH;HSPB1;SOX4;EEF2;EIF3H;YBX1;EIF4B;SERBP1;NPM1;EIF3E;HNRNPD;PAIP1;MTPN
prerank,Regulation Of Autophagy (GO:0010506),0.5771450224429525,1.8982575412130909,0.0014064697609001407,0.15075818611300626,0.452,3/23,1.39%,EEF1A1;GAPDH;HSPB1
prerank,Platelet Aggregation (GO:0070527),0.6939264692624123,1.8854381741405246,0.0028694404591104736,0.1427634338191347,0.498,5/11,5.85%,HSPB1;ACTG1;GNAS;FLNA;MYL9
prerank,Extracellular Matrix Organization (GO:0030198),0.6096298425537368,1.8520678873782088,0.0014326647564469914,0.17260421171516435,0.626,10/17,20.96%,COL4A1;SERPINH1;COL4A2;GSN;PXDN;COL18A1;ADAMTS9;COL15A1;MATN2;LAMC1
prerank,Homotypic Cell-Cell Adhesion (GO:0034109),0.6354392027874681,1.8175433841928745,0.008415147265077139,0.2136943188324311,0.737,8/13,21.94%,HSPB1;ACTG1;GNAS;FLNA;MYL9;CD99;MYH9;ACTN1
prerank,Regulation Of Signal Transduction (GO:0009966),0.5619352851919828,1.7973658887668833,0.009943181818181818,0.22481483894044788,0.789,6/21,9.26%,IGFBP7;MGLL;IGFBP2;RGS3;ITGB1BP1;SNX3
prerank,Circulatory System Development (GO:0072359),0.5711260434837903,1.7567295820933384,0.012658227848101266,0.28880291275117165,0.865,6/17,8.84%,HSPG2;GJA1;SOX4;MEF2C;SOX18;PDLIM1
prerank,Positive Regulation Of Macromolecule Biosynthetic Process (GO:0010557),0.539750504362327,1.7389720427208413,0.011379800853485065,0.3073853838211035,0.897,10/21,22.56%,VIM;INSR;SOX4;EEF2;NPM1;EIF3E;HNRNPD;MTPN;EIF3D;RGCC
prerank,Positive Regulation Of Amide Metabolic Process (GO:0034250),0.5767382062642695,1.72908337901042,0.014245014245014245,0.3062651348667332,0.908,6/16,14.21%,VIM;SOX4;EEF2;NPM1;EIF3E;HNRNPD
prerank,Positive Regulation Of MAP Kinase Activity (GO:0043406),0.6340120685861846,1.7114216479201718,0.017316017316017316,0.32619421664035164,0.929,4/10,6.13%,INSR;FLT1;ERP29;MEF2C
prerank,Actin Filament Organization (GO:0007015),0.5332281607540765,1.6752245277871396,0.016901408450704224,0.4090333390309735,0.965,8/20,12.05%,MARCKSL1;MARCKS;FLNA;GSN;DPYSL3;DSTN;TPM4;SVIL
prerank,Heart Development (GO:0007507),0.5148698840793536,1.6504858696222775,0.02275960170697013,0.4572637646577506,0.984,7/20,8.84%,GJA1;INSR;SOX4;MEF2C;SOX18;FKBP1A;PDLIM1
prerank,Cellular Response To Lipopolysaccharide (GO:0071222),0.605568846504923,1.6342713176051544,0.031473533619456366,0.4804740934507668,0.993,3/10,6.13%,VIM;UXT;MEF2C
prerank,Regulation Of Programmed Cell Death (GO:0043067),0.4828070837730536,1.6271263089966153,0.031029619181946404,0.4753889748560635,0.995,11/25,21.94%,TPT1;LGALS1;ACTN4;ANP32B;PRDX2;BAX;ACTB;NME1;RSL1D1;PSMC5;ACTN1
prerank,Supramolecular Fiber Organization (GO:0097435),0.463710614119465,1.6158995181297924,0.01969057665260197,0.485195305253382,0.997,14/32,11.77%,VIM;MARCKSL1;SERPINH1;MARCKS;HNRNPA1;GSN;PXDN;MYL9;STMN1;FKBP1A;KRT10;COL18A1;BAX;TPM4
prerank,Regulation Of Angiogenesis (GO:0045765),0.4507176733248083,1.611780342991524,0.01907356948228883,0.4721396353683894,0.998,7/33,8.43%,HSPG2;CD34;HSPB1;COL4A2;FLT1;SPARC;ETS1
prerank,Positive Regulation Of Translation (GO:0045727),0.46777102073092675,1.5907784756761445,0.04055944055944056,0.5153008574376978,0.998,11/27,23.26%,VIM;SOX4;EEF2;YBX1;NPM1;EIF3E;HNRNPD;PAIP1;EIF3D;PKM;C1QBP
prerank,Negative Regulation Of Angiogenesis (GO:0016525),0.5544229267752496,1.584588397936625,0.056865464632454926,0.511329243113406,0.998,7/13,23.61%,HSPG2;COL4A2;SPARC;ATP2B4;ADAMTS9;RGCC;VASH1
prerank,Positive Regulation Of Protein Serine/Threonine Kinase Activity (GO:0071902),0.5337786074479338,1.5760062696839672,0.03008595988538682,0.513948361748885,0.999,7/15,14.97%,INSR;FLT1;ERP29;MEF2C;RALB;CALM1;ATP2B4
prerank,Negative Regulation Of Endothelial Cell Migration (GO:0010596),0.5649158723855365,1.5707652344570535,0.04626865671641791,0.5071270791444376,0.999,8/12,23.61%,MEF2C;ATP2B4;ADAMTS9;ANGPT2;JUP;CSNK2B;RGCC;VASH1
prerank,Regulation Of Blood Vessel Endothelial Cell Migration (GO:0043535),0.5083141588723514,1.570736046254882,0.0436046511627907,0.48603435350477514,0.999,10/18,23.61%,HSPB1;TMSB4X;MEF2C;ETS1;ATP2B4;ANGPT2;JUP;CSNK2B;RGCC;VASH1
prerank,Positive Regulation Of Gene Expression (GO:0010628),0.37952619824768663,1.5518930397202044,0.027510316368638238,0.5235781310532325,1.0,13/61,8.64%,VIM;CD34;GJA1;GAPDH;ACTG1;SOX4;EEF2;UXT;GSN;ERP29;MEF2C;ETS1;NPM1
prerank,Gene Expression (GO:0010467),0.4588444438334254,1.532340073018391,0.054775280898876406,0.5647883278975938,1.0,2/24,2.44%,EEF1A1;FAU
prerank,Response To Lipopolysaccharide (GO:0032496),0.5316608093060118,1.5264738302287635,0.0649171270718232,0.5617031477983264,1.0,3/13,6.13%,VIM;UXT;MEF2C
prerank,Negative Regulation Of Blood Vessel Morphogenesis (GO:2000181),0.5468867903466883,1.5187978954027421,0.07927677329624479,0.5652143888105532,1.0,3/12,5.92%,HSPG2;COL4A2;SPARC
prerank,Regulation Of Protein Catabolic Process (GO:0042176),0.5045699538231159,1.5152025527593866,0.07203389830508475,0.5577878771793706,1.0,3/15,9.26%,EEF1A1;FLNA;SNX3
prerank,Positive Regulation Of Cellular Biosynthetic Process (GO:0031328),0.4478849825910922,1.5125418740235772,0.06134094151212553,0.5478809758082118,1.0,7/26,14.21%,VIM;INSR;SOX4;EEF2;NPM1;EIF3E;HNRNPD
prerank,Skeletal System Development (GO:0001501),0.5555330829498784,1.508150880038921,0.07183908045977011,0.5434414935436427,1.0,4/10,16.09%,GJA1;GNAS;COL18A1;VKORC1
prerank,Regulation Of Focal Adhesion Assembly (GO:0051893),0.5123666721904929,1.5046627856767434,0.06437768240343347,0.5363772485883648,1.0,6/14,12.33%,ACTG1;ITGB1BP1;LIMCH1;APOD;MAP4K4;LIMS1
prerank,Energy Derivation By Oxidation Of Organic Compounds (GO:0015980),0.49855014628887767,1.4897044805887536,0.07396870554765292,0.5646327961478314,1.0,5/16,10.79%,UQCRB;UQCRH;COX5A;COX7B;COX4I1
prerank,Negative Regulation Of Blood Vessel Endothelial Cell Migration (GO:0043537),0.5354884907807459,1.488199160371841,0.06231454005934718,0.5512878505694438,1.0,8/12,23.61%,MEF2C;ITGB1BP1;ATP2B4;ANGPT2;JUP;CSNK2B;RGCC;VASH1
prerank,Formation Of Cytoplasmic Translation Initiation Complex (GO:0001732),0.549017078366718,1.4739623398602257,0.07352941176470588,0.5790484875704103,1.0,6/11,21.73%,EIF3L;EIF3H;EIF3E;EIF3F;EIF3G;EIF3D
prerank,Negative Regulation Of Wnt Signaling Pathway (GO:0030178),0.47161482211019845,1.4716292275163325,0.07531380753138076,0.5694758236395905,1.0,7/18,15.88%,IGFBP2;GRB10;PFDN5;CCL14;MDK;APCDD1;WWTR1
prerank,Positive Regulation Of Cellular Component Organization (GO:0051130),0.49842432984775403,1.468430465787329,0.10014513788098693,0.5641003640475669,1.0,6/15,16.71%,INSR;ANXA2;BAX;AHNAK;BID;LGALS3
prerank,Epithelium Development (GO:0060429),0.5539200780968321,1.4664809553573324,0.08974358974358974,0.5547130563695952,1.0,6/11,24.30%,CD34;SOX18;KRT10;LGALS3;TAGLN2;VDAC1
prerank,Cytoplasmic Translational Initiation (GO:0002183),0.5036067872012514,1.4591699214349216,0.0876944837340877,0.5616671840003333,1.0,7/14,22.14%,EIF3L;EIF3H;EIF3E;EIF3F;EIF3G;EIF3D;EIF2S2
prerank,Regulation Of Phosphatidylinositol 3-Kinase Signaling (GO:0014066),0.5364908367145007,1.455098607505862,0.08507670850767085,0.5463862664805754,1.0,2/10,3.48%,INSR;FLT1
prerank,Positive Regulation Of Phosphatidylinositol 3-Kinase Signaling (GO:0014068),0.5364908367145007,1.455098607505862,0.08507670850767085,0.5463862664805754,1.0,2/10,3.48%,INSR;FLT1
prerank,Cellular Response To Tumor Necrosis Factor (GO:0071356),0.4907717081614055,1.4444500884671225,0.10249307479224377,0.5636472112663732,1.0,5/15,12.33%,PLVAP;TMSB4X;ACTN4;CCL14;LIMS1
prerank,Positive Regulation Of Protein Metabolic Process (GO:0051247),0.41002987526739676,1.4437520358776987,0.07818930041152264,0.5524053709470675,1.0,13/31,27.72%,VIM;SOX4;EEF2;NPM1;EIF3E;HNRNPD;MTPN;SNF8;MSN;EIF3D;AURKAIP1;OAZ2;BAD
prerank,Regulation Of mRNA Stability (GO:0043488),0.48162755488350406,1.434222639305776,0.10056657223796034,0.5662038769984725,1.0,4/17,8.64%,VIM;YBX1;SERBP1;NPM1
prerank,Vesicle Organization (GO:0016050),0.5412151936125377,1.4340476888425808,0.11206896551724138,0.5541425299230862,1.0,4/10,15.67%,CD34;ANXA2;TRAPPC1;LAMTOR1
prerank,Negative Regulation Of Protein Metabolic Process (GO:0051248),0.43295717918746035,1.4129748804111983,0.09169054441260745,0.6022330078708139,1.0,7/24,10.58%,GAPDH;FLNA;YBX1;SERBP1;SNX3;CSTB;PFDN5
prerank,Inflammatory Response (GO:0006954),0.4652361162932066,1.4048377230156615,0.10694444444444444,0.6125558488481484,1.0,4/17,5.78%,HSPG2;MGLL;CXCR4;TNFRSF4
prerank,Regulation Of Cell Motility (GO:2000145),0.4934818758084246,1.4006172175880607,0.11494252873563218,0.612549054395811,1.0,3/12,5.43%,ENPP2;FLNA;TMSB4X
prerank,Negative Regulation Of Canonical Wnt Signaling Pathway (GO:0090090),0.4877636663732746,1.3931255505894016,0.11781206171107994,0.6221848194576904,1.0,5/13,15.88%,IGFBP2;PFDN5;CCL14;MDK;WWTR1
prerank,Regulation Of mRNA Catabolic Process (GO:0061013),0.5469983409678496,1.3915186074989925,0.11078717201166181,0.6144478080656055,1.0,2/10,7.66%,VIM;SERBP1
prerank,Positive Regulation Of Cell Migration (GO:0030335),0.3630875995997828,1.3779737872376752,0.09957325746799431,0.640446487937852,1.0,9/41,12.26%,INSR;ENPP2;FLT1;CXCR4;PFN1;ACTN4;UBE2I;MDK;MAP4K4
prerank,Glucose Homeostasis (GO:0042593),0.5008245506039206,1.3777119195284904,0.12769010043041606,0.6289451746746139,1.0,2/10,2.72%,INSR;SOX4
prerank,Positive Regulation Of Vasculature Development (GO:1904018),0.4364537040345109,1.376172472469259,0.1349095966620306,0.6216546536466734,1.0,4/18,8.43%,CD34;HSPB1;FLT1;ETS1
prerank,Endocytosis (GO:0006897),0.45703452021434576,1.374668673986231,0.141643059490085,0.6148846140806591,1.0,3/16,4.74%,HSPG2;INSR;EHD4
prerank,Positive Regulation Of Developmental Process (GO:0051094),0.38322060963040794,1.3702940999900024,0.12138728323699421,0.6165577013401535,1.0,6/33,11.70%,GJA1;INSR;ENPP2;CFL1;KRT10;MDK
prerank,Intracellular Calcium Ion Homeostasis (GO:0006874),0.4919319367975811,1.3691002195198576,0.13528591352859135,0.6085586554091746,1.0,5/12,14.97%,TPT1;SMDT1;BAX;CCL14;ATP2B4
prerank,Regulation Of MAP Kinase Activity (GO:0043405),0.449299414177998,1.3571971208661813,0.14835948644793154,0.6317341266483062,1.0,4/14,6.13%,INSR;FLT1;ERP29;MEF2C
prerank,Receptor-Mediated Endocytosis (GO:0006898),0.4220472219258221,1.3510351636185205,0.1329639889196676,0.6376317606017019,1.0,6/20,9.47%,HSPG2;INSR;AP2S1;CD9;CANX;RALB
prerank,Positive Regulation Of Epithelial Cell Migration (GO:0010634),0.41674153001556385,1.3455102855630428,0.15070422535211267,0.642550070464819,1.0,6/22,12.26%,ENPP2;PFN1;SPARC;ITGB1BP1;ETS1;MAP4K4
prerank,Positive Regulation Of Defense Response (GO:0031349),0.4825616163411708,1.3447098305124618,0.1459227467811159,0.6339748402660879,1.0,5/13,13.37%,LGALS1;MEF2C;ETS1;MDK;DDT
prerank,Positive Regulation Of Cytoskeleton Organization (GO:0051495),0.491602498523364,1.3438812407617817,0.1470160116448326,0.6259616112551561,1.0,6/12,20.47%,SYNPO;PFN1;GSN;NES;VASP;PFDN2
prerank,Brain Development (GO:0007420),0.42144100531711454,1.3428989552300992,0.16806722689075632,0.6183232172178081,1.0,6/18,12.74%,HSPG2;COL4A1;CXCR4;CCL14;APOD;NES
prerank,Transmembrane Receptor Protein Tyrosine Kinase Signaling Pathway (GO:0007169),0.3881207137595493,1.3419807305730669,0.1400560224089636,0.6108843755089851,1.0,6/27,9.19%,INSR;COL4A2;FLT1;UXT;STMN1;GRB10
prerank,Regulation Of Neuron Projection Development (GO:0010975),0.48627017453596333,1.3415826190211328,0.16312056737588654,0.6023114134179914,1.0,4/11,11.70%,CFL1;DPYSL3;SNX3;MDK
prerank,Positive Regulation Of Endothelial Cell Migration (GO:0010595),0.41173620944333905,1.3364265313623063,0.153954802259887,0.6064174516117207,1.0,5/22,8.43%,HSPB1;TMSB4X;SPARC;ITGB1BP1;ETS1
prerank,Regulation Of Canonical Wnt Signaling Pathway (GO:0060828),0.41009632285209763,1.3273796108333495,0.15819209039548024,0.6220523858456135,1.0,7/21,19.15%,IGFBP2;SOX4;PFDN5;CCL14;MDK;WWTR1;JUP
prerank,Negative Regulation Of DNA-binding Transcription Factor Activity (GO:0043433),0.4460612039556768,1.3271903666840463,0.16853932584269662,0.6133736169623115,1.0,4/16,5.78%,FLNA;COMMD6;TMSB4X;TNFRSF4
prerank,Organelle Assembly (GO:0070925),0.3704626649374173,1.3169226215920595,0.15782122905027932,0.6321060978568394,1.0,5/35,5.15%,CD34;SYNPO;FLNA;EHD4;GSN
prerank,Negative Regulation Of Apoptotic Process (GO:0043066),0.3199589079483687,1.3076600951821078,0.13333333333333333,0.6485706862527499,1.0,13/66,12.26%,TPT1;PTMA;PTMS;HSPB1;FLNA;CFL1;SET;MEF2C;NPM1;PRDX2;MDK;TSC22D1;MAP4K4
prerank,Nervous System Development (GO:0007399),0.3676849276540761,1.3025270337387043,0.166189111747851,0.6526886575984397,1.0,9/29,12.74%,MARCKSL1;SOX4;MARCKS;CXCR4;GSN;MEF2C;COX7B;MDK;NES
prerank,Mitochondrial Transport (GO:0006839),0.453837638001531,1.3010843476783456,0.1950509461426492,0.6472676081447287,1.0,8/13,31.27%,TIMM13;TOMM20;SLC25A5;TOMM22;TOMM7;BAD;AIP;TIMM8B
prerank,Protein Targeting (GO:0006605),0.43571493327814526,1.296986175337907,0.18037518037518038,0.6493106386042382,1.0,9/16,33.98%,NACA;TIMM13;TOMM20;TOMM22;SEC61G;TOMM7;ATG3;TIMM8B;APEX1
prerank,Regulation Of Anatomical Structure Morphogenesis (GO:0022603),0.45138964082705596,1.2953847924957453,0.18723404255319148,0.6450601584315193,1.0,4/13,8.43%,CFL1;SPARC;MEF2C;ETS1
prerank,Protein Stabilization (GO:0050821),0.3648795738019996,1.2935705705202478,0.1793103448275862,0.6413997572892675,1.0,15/34,30.29%,GAPDH;SOX4;UXT;FLNA;PFN1;PFDN5;CAMLG;TCP1;PFDN2;CCT8;EFNA1;CCT3;CTNND1;CCT4;CCT6A
prerank,Regulation Of Protein Serine/Threonine Kinase Activity (GO:0071900),0.4649520439904732,1.2913158524425083,0.19136690647482013,0.6382938098323637,1.0,6/11,24.72%,RALB;ACTB;CCNI;CALM1;SNF8;CALM3
prerank,Cell-Cell Junction Assembly (GO:0007043),0.4773617563046474,1.2873667736249952,0.18409425625920472,0.6402287486938326,1.0,3/11,4.94%,GJA1;ACTG1;CD9
prerank,Aerobic Electron Transport Chain (GO:0019646),0.3516100725912141,1.2810049688536058,0.16524216524216523,0.6485538850640691,1.0,24/40,42.83%,UQCRB;UQCRH;NDUFS5;COX5A;COX7B;NDUFB2;COX4I1;NDUFS8;NDUFAB1;NDUFB8;COX7C;COX8A;NDUFB7;NDUFA6;UQCRFS1;NDUFA1;NDUFV2;NDUFS7;NDUFB4;COX6C;NDUFB1;UQCR10;NDUFB5;NDUFB3
prerank,Positive Regulation Of Cellular Component Biogenesis (GO:0044089),0.4406635359350033,1.2791884527758934,0.19491525423728814,0.6442850189400383,1.0,7/15,22.56%,SYNPO;PFN1;BAX;BID;LGALS3;SNF8;RGCC
prerank,Negative Regulation Of Protein Kinase Activity (GO:0006469),0.4628400250686817,1.278304281729989,0.2081513828238719,0.6385263401741365,1.0,4/11,15.88%,HSPB1;ITGB1BP1;NPM1;WWTR1
prerank,Regulation Of Protein-Containing Complex Assembly (GO:0043254),0.47810260152066125,1.2751750682720586,0.1945288753799392,0.6382314447533796,1.0,10/11,47.28%,GSN;RALB;BAX;BID;LGALS3;NAPA;SUMO1;TGFB1;SH3GLB1;BRK1
prerank,Regulation Of Response To External Stimulus (GO:0032101),0.4725351515204874,1.2722873772739098,0.2148876404494382,0.6373538531577682,1.0,3/11,5.43%,MGLL;CXCR4;TMSB4X
prerank,Cellular Response To Organonitrogen Compound (GO:0071417),0.4326556406646511,1.2667584465507418,0.2143884892086331,0.6435350421770109,1.0,9/15,32.80%,MEF2C;LAMTOR2;ACTB;ATP2B4;LAMTOR1;JUP;HSP90B1;RAP1A;LARP1
prerank,Regulation Of Nucleic Acid-Templated Transcription (GO:1903506),0.3327140692662109,1.248343727035896,0.2094017094017094,0.681788188191926,1.0,20/42,35.03%,INSR;SOX4;YBX1;MEF2C;ACTN4;PTP4A3;PFDN5;HINT1;HNRNPD;WWTR1;ZNHIT1;NONO;PPP2R1A;ZNF22;BPTF;SUPT4H1;JMJD1C;NR5A2;ATF4;RALY
prerank,Cellular Respiration (GO:0045333),0.33391593222065036,1.245511122778907,0.20056497175141244,0.6814646134918485,1.0,25/43,42.83%,UQCRB;UQCRH;NDUFS5;COX5A;COX7B;NDUFB2;COX4I1;NDUFS8;NDUFAB1;NDUFB8;COX7C;MDH2;COX8A;NDUFB7;NDUFA6;UQCRFS1;NDUFA1;NDUFV2;NDUFS7;NDUFB4;COX6C;NDUFB1;UQCR10;NDUFB5;NDUFB3
prerank,Blood Vessel Morphogenesis (GO:0048514),0.4490854261450569,1.2449371485896576,0.21843971631205675,0.6750915931901091,1.0,3/11,6.27%,COL4A1;FLT1;SOX18
prerank,Mitochondrial ATP Synthesis Coupled Electron Transport (GO:0042775),0.33763238791104366,1.2420921040179103,0.18723404255319148,0.6745493614483834,1.0,24/41,42.83%,UQCRB;UQCRH;NDUFS5;COX5A;COX7B;NDUFB2;COX4I1;NDUFS8;NDUFAB1;NDUFB8;COX7C;COX8A;NDUFB7;NDUFA6;UQCRFS1;NDUFA1;NDUFV2;NDUFS7;NDUFB4;COX6C;NDUFB1;UQCR10;NDUFB5;NDUFB3
prerank,Protein Autophosphorylation (GO:0046777),0.4206314871032816,1.2324238551471813,0.23672883787661406,0.6920114148484532,1.0,2/14,3.48%,INSR;FLT1
prerank,Negative Regulation Of Apoptotic Signaling Pathway (GO:2001234),0.47414303631068816,1.2304726643931228,0.20821529745042494,0.6889940916555427,1.0,4/10,17.69%,SLC25A6;SLC25A5;LGALS3;PRELID1
prerank,Negative Regulation Of Programmed Cell Death (GO:0043069),0.3090210668208736,1.226608652833655,0.20708446866485014,0.6912012798872348,1.0,10/55,12.26%,TPT1;PTMA;PTMS;HSPB1;FLNA;CFL1;NPM1;PRDX2;TSC22D1;MAP4K4
prerank,Cellular Response To Salt (GO:1902075),0.46286767201115253,1.223660677688212,0.2622478386167147,0.691175389416288,1.0,6/10,31.89%,HNRNPA1;MEF2C;ATP2B4;HSP90B1;IQGAP1;CLIC4
prerank,Positive Regulation Of Angiogenesis (GO:0045766),0.37178191309171754,1.214560921763872,0.25,0.706854871386229,1.0,5/22,11.70%,CD34;HSPB1;FLT1;ETS1;MDK
prerank,Vesicle-Mediated Transport To The Plasma Membrane (GO:0098876),0.43131109071788964,1.2044273059181934,0.2607449856733524,0.7252121086188118,1.0,5/12,24.09%,RAB13;EHD4;SNX3;SNF8;EHD2
prerank,Regulation Of Cell Migration (GO:0030334),0.30033867475063436,1.203863611618129,0.2328767123287671,0.7190429409685776,1.0,13/57,12.26%,INSR;ENPP2;ACTG1;FLT1;FLNA;CXCR4;TMSB4X;DPYSL3;ACTN4;UBE2I;LIMCH1;MDK;MAP4K4
prerank,Protein N-linked Glycosylation (GO:0006487),0.4452738368632704,1.2032701306749736,0.2572614107883817,0.7129666635324956,1.0,3/11,10.52%,OST4;MLEC;UBE2J1
prerank,Regulation Of Translational Initiation (GO:0006446),0.37588938296473495,1.201492148283438,0.2482566248256625,0.7102548061819818,1.0,6/22,15.25%,HSPB1;EIF3H;EIF4B;NPM1;EIF3E;PAIP1
prerank,Regulation Of Apoptotic Process (GO:0042981),0.27531021929380195,1.1922102703062563,0.20268456375838925,0.7262432232366416,1.0,19/88,12.88%,TPT1;PTMA;PTMS;HSPB1;SOX4;FLNA;CFL1;LGALS1;MEF2C;ACTN4;NPM1;ANP32B;PRDX2;BAX;HTRA1;TSC22D1;MAP4K4;ACTB;NME1
prerank,Establishment Of Protein Localization To Mitochondrion (GO:0072655),0.4014970441428418,1.1896388287205502,0.2784256559766764,0.7249934622217857,1.0,8/15,31.27%,TIMM13;TOMM20;ROMO1;TOMM22;DNAJC15;TOMM7;AIP;TIMM8B
prerank,Regulation Of Cellular Response To Stress (GO:0080135),0.4197084727122774,1.1882778905510236,0.27011494252873564,0.7209354060429175,1.0,7/13,30.64%,SOX4;NPM1;MANF;UBE2N;SF3B5;CHCHD2;YY1
prerank,Regulation Of Endopeptidase Activity (GO:0052548),0.44526674732843885,1.183818832418658,0.27015558698727016,0.7252200283710518,1.0,2/10,2.92%,GAPDH;SERPINH1
prerank,Regulation Of Cold-Induced Thermogenesis (GO:0120161),0.42721354020624536,1.1817600627820901,0.28088235294117647,0.7231704281703082,1.0,5/11,9.82%,GJA1;GNAS;CXCR4;GRB10;LAMA4
prerank,Positive Regulation Of Macromolecule Metabolic Process (GO:0010604),0.3070028733144574,1.1809452722975855,0.25594405594405595,0.7179564903347025,1.0,9/46,8.43%,CD34;GJA1;ACTG1;ANXA2;UXT;GSN;ERP29;MEF2C;ETS1
prerank,Oxidative Phosphorylation (GO:0006119),0.3457090353204805,1.1779014836578514,0.2635228848821082,0.7180956521896958,1.0,7/28,14.55%,UQCRB;UQCRH;NDUFS5;NDUFB2;NDUFS8;NDUFAB1;NDUFB8
prerank,Positive Regulation Of Cell Motility (GO:2000147),0.32195673057629526,1.1772284275683276,0.27363896848137537,0.7126120326998164,1.0,7/34,12.26%,INSR;FLT1;CXCR4;ACTN4;UBE2I;MDK;MAP4K4
prerank,Protein Targeting To Mitochondrion (GO:0006626),0.4007463648081757,1.175916866782075,0.26666666666666666,0.7090371950159803,1.0,8/15,31.27%,TIMM13;TOMM20;ROMO1;TOMM22;DNAJC15;TOMM7;AIP;TIMM8B
prerank,Positive Regulation Of Protein Localization To Nucleus (GO:1900182),0.37817695667611234,1.1729911652235492,0.2844950213371266,0.7092143901166024,1.0,11/18,33.29%,FLNA;WWTR1;JUP;TCP1;CCT8;CCT3;CCT4;CCT6A;RAN;JAK1;TPR
prerank,Cellular Response To Insulin Stimulus (GO:0032869),0.39899291374283785,1.172383472145087,0.28815977175463625,0.7038506652252812,1.0,3/15,9.19%,INSR;RAB13;GRB10
prerank,Regulation Of Neuron Apoptotic Process (GO:0043523),0.4224105602033734,1.1585964858662583,0.29831932773109243,0.7306678890067604,1.0,4/11,11.70%,SET;MEF2C;BAX;MDK
prerank,Regulation Of Vesicle-Mediated Transport (GO:0060627),0.40123825872139024,1.1576624676526888,0.30527817403708984,0.7261482563325661,1.0,2/14,2.79%,AP2S1;RAB13
prerank,Regulation Of RNA Metabolic Process (GO:0051252),0.41981118463223466,1.15760832980271,0.32122093023255816,0.7195194343035531,1.0,4/12,14.14%,HNRNPA1;PRDX6;AHNAK;PCBP2
prerank,Regulation Of Protein Kinase Activity (GO:0045859),0.4046044151909904,1.1570924899201924,0.2958152958152958,0.7141505114674617,1.0,11/12,55.71%,HSPB1;ITGB1BP1;WWTR1;IQGAP1;RAP1A;RASSF2;XRCC5;THY1;JTB;PPIA;CCNY
prerank,Ribosome Biogenesis (GO:0042254),0.43850125741199847,1.1503662817279743,0.3026315789473684,0.7238329479803958,1.0,4/10,17.48%,FBL;NPM1;GTF3A;RSL24D1
prerank,Cilium Assembly (GO:0060271),0.3845504199328138,1.1456192853618314,0.3190271816881259,0.7287697603219935,1.0,3/16,5.15%,FLNA;EHD4;GSN
prerank,Neuron Differentiation (GO:0030182),0.42500720739583947,1.1345066661489696,0.3342696629213483,0.7488597073456427,1.0,4/10,21.52%,SOX4;MEF2C;MTPN;MANF
prerank,Negative Regulation Of Neuron Apoptotic Process (GO:0043524),0.4249779755445008,1.133397660084017,0.32729805013927576,0.7448059299656663,1.0,3/10,11.70%,SET;MEF2C;MDK
prerank,protein-RNA Complex Assembly (GO:0022618),0.3258757770187805,1.1330314664970507,0.3229901269393512,0.7393172665560541,1.0,9/28,22.14%,SNRPE;EIF3L;EIF3H;SNRPD1;EIF3E;EIF3F;EIF3G;EIF3D;EIF2S2
prerank,Positive Regulation Of Intracellular Protein Transport (GO:0090316),0.37007954151550626,1.13294746782193,0.343878954607978,0.7331692577924996,1.0,13/17,47.49%,FLNA;ITGB1BP1;ANP32B;JUP;TOMM7;OAZ2;ERGIC3;RAN;TPR;FIS1;TGFB1;SH3GLB1;CD81
prerank,Protein Glycosylation (GO:0006486),0.42242338569859533,1.1210249151970844,0.31721194879089615,0.7541454308595349,1.0,2/10,4.25%,OST4;MLEC
prerank,Positive Regulation Of Supramolecular Fiber Organization (GO:1902905),0.39420877093451506,1.1193098757982218,0.3284457478005865,0.7519188320127196,1.0,4/14,13.79%,SYNPO;PFN1;GSN;VASP
prerank,Regulation Of Gene Expression (GO:0010468),0.24440614623262694,1.1173787027447417,0.2951251646903821,0.7502827764814438,1.0,46/110,33.43%,CD34;GJA1;INSR;ACTG1;SOX4;UXT;HNRNPA1;GSN;ERP29;YBX1;MEF2C;PTP4A3;ETS1;PRDX6;AHNAK;PFDN5;BCL6B;HINT1;LIMS1;PCBP2;HNRNPD;ATP2B4;WWTR1;CNPY2;SNF8;LGALS9;MSN;RGCC;ZNHIT1;NONO;HNRNPAB;PDCD5;PPP2R1A;ZNF22;BPTF;SF3B5;SUPT4H1;YY1;PUM1;ROCK1;JMJD1C;NR5A2;LARP1;MBNL1;KDR;ATF4
prerank,Regulation Of Cell-Matrix Adhesion (GO:0001952),0.4082218067906013,1.1160492876512975,0.3462109955423477,0.7471411600950347,1.0,4/11,19.15%,ACTG1;LIMCH1;MAP4K4;JUP
prerank,Cilium Organization (GO:0044782),0.36780815768709746,1.1106606650262305,0.35704125177809387,0.7536866058287041,1.0,3/17,5.15%,FLNA;EHD4;GSN
prerank,Protein Localization (GO:0008104),0.29048256175781,1.1086847166379195,0.3356353591160221,0.7521058539691332,1.0,11/42,15.67%,GJA1;FLNA;ERP29;NPM1;ROMO1;LAMTOR2;ABHD17A;ACTB;CUTA;YWHAH;LAMTOR1
prerank,Cellular Response To Growth Factor Stimulus (GO:0071363),0.3210883521649896,1.1085796563974581,0.336231884057971,0.7462697350272426,1.0,5/29,7.31%,EEF1A1;HSPB1;FLT1;MEF2C;ITGB1BP1
prerank,Regulation Of Inflammatory Response (GO:0050727),0.34837211850664984,1.1065300863406726,0.3422913719943423,0.7448615504259872,1.0,6/22,13.37%,MGLL;LGALS1;TMSB4X;ETS1;MDK;DDT
prerank,Aerobic Respiration (GO:0009060),0.31538346118439137,1.10650885192014,0.36629526462395545,0.7389459378846213,1.0,10/31,24.03%,UQCRB;UQCRH;NDUFS5;NDUFB2;NDUFS8;NDUFAB1;NDUFB8;MDH2;NDUFB7;NDUFA6
prerank,Positive Regulation Of Multicellular Organismal Process (GO:0051240),0.2878602323000053,1.102546515253254,0.3594405594405594,0.7420335209527587,1.0,9/43,12.47%,GJA1;GAPDH;GNAS;CFL1;CXCR4;GRB10;MDK;ENO1;ACTB
prerank,Negative Regulation Of Neuron Death (GO:1901215),0.4054814112769962,1.0973665341540249,0.3544827586206897,0.7475289820215513,1.0,3/11,11.70%,SET;MEF2C;MDK
prerank,Negative Regulation Of Amide Metabolic Process (GO:0034249),0.37179211268753587,1.0931283536714735,0.34826589595375723,0.7511845586647148,1.0,8/16,33.98%,GAPDH;YBX1;SERBP1;NCL;ROCK1;LARP1;PAIP2;APEX1
prerank,Positive Regulation Of Myoblast Differentiation (GO:0045663),0.3984345531774486,1.093112233063416,0.35437589670014347,0.745438308610864,1.0,2/11,6.13%,SOX4;MEF2C
prerank,Actomyosin Structure Organization (GO:0031032),0.40811005170912573,1.0868220532893964,0.36283185840707965,0.7535273673025958,1.0,4/10,19.01%,MYL9;PDLIM1;WDR1;MYH9
prerank,Positive Regulation Of Protein Kinase Activity (GO:0045860),0.36400820723706034,1.0841065758395403,0.3713490959666203,0.7536119743924656,1.0,7/15,28.34%,INSR;RALB;CALM1;EFNA1;IQGAP1;CALM3;RAP1A
prerank,Regulation Of RNA Splicing (GO:0043484),0.38375790541017984,1.080682705615719,0.35511363636363635,0.755539611859658,1.0,3/12,10.38%,HNRNPA1;PRDX6;AHNAK
prerank,ERAD Pathway (GO:0036503),0.41404048212439426,1.0801593855152787,0.37083333333333335,0.7509978066362548,1.0,6/10,35.38%,CANX;UBE2J1;HSP90B1;SEC61B;RNF5;UBXN6
prerank,Positive Regulation Of Cell Adhesion (GO:0045785),0.3916594006775139,1.0796092493398886,0.38269794721407624,0.7466920104073318,1.0,8/12,39.14%,MDK;LIMS1;MAGI1;LAMC1;C1QBP;RSU1;PPP3CA;PRKD2
prerank,Regulation Of Cell Adhesion (GO:0030155),0.31647314455813774,1.0748310762715774,0.38741258741258744,0.7514799996597017,1.0,16/24,41.85%,CXCR4;ITGB1BP1;MDK;NUAK1;LAMC1;PODXL;C1QBP;EFNA1;PPP1CB;PPP2R1A;RSU1;ROCK1;PPP3CA;PLXND1;PRKD2;ADAM10
prerank,Regulation Of Epithelial To Mesenchymal Transition (GO:0010717),0.40725001007785333,1.073935588484544,0.40058479532163743,0.7480892330533692,1.0,8/10,47.42%,MDK;WWTR1;SPRY1;RGCC;EFNA1;TGFB1I1;TGFB1;DAB2
prerank,Positive Regulation Of Telomere Maintenance Via Telomere Lengthening (GO:1904358),0.39664692538031476,1.0706653180476835,0.3788546255506608,0.7441405144665935,1.0,6/11,30.29%,HNRNPA1;TCP1;CCT8;CCT3;CCT4;CCT6A
prerank,Positive Regulation Of Telomere Maintenance Via Telomerase (GO:0032212),0.39664692538031476,1.0706653180476835,0.3788546255506608,0.7441405144665935,1.0,6/11,30.29%,HNRNPA1;TCP1;CCT8;CCT3;CCT4;CCT6A
prerank,Negative Regulation Of Translation (GO:0017148),0.33615113853363254,1.06352432189515,0.40852819807427787,0.7537455230359105,1.0,10/22,33.50%,GAPDH;YBX1;SERBP1;EIF3E;NCL;PUM1;ROCK1;LARP1;TPR;PAIP2
prerank,Endosomal Transport (GO:0016197),0.3412275052511253,1.0591956237545002,0.4037626628075253,0.7578677389984528,1.0,7/19,24.09%,RAB13;EHD4;SNX3;LAMTOR1;CHMP3;SNF8;EHD2
prerank,Import Into Nucleus (GO:0051170),0.393788980148976,1.0532973311406357,0.4131994261119082,0.7647068177555917,1.0,8/10,50.70%,HNRNPA1;IPO11;RAN;KPNB1;TPR;APLP2;RPAIN;PHB2
prerank,Positive Regulation Of Blood Vessel Endothelial Cell Migration (GO:0043536),0.3807834811510946,1.042873435710614,0.4463768115942029,0.7816726609386334,1.0,3/12,8.43%,HSPB1;TMSB4X;ETS1
prerank,Positive Regulation Of Inflammatory Response (GO:0050729),0.3639455199068962,1.0409737356028077,0.42917251051893407,0.7802985849975218,1.0,4/14,13.37%,LGALS1;ETS1;MDK;DDT
prerank,MAPK Cascade (GO:0000165),0.34319790089108415,1.0407841334510595,0.41424418604651164,0.7752680611790501,1.0,3/17,12.26%,PLVAP;MEF2C;MAP4K4
prerank,Response To Calcium Ion (GO:0051592),0.3775479181741193,1.0362345668304682,0.4206798866855524,0.7793359985633906,1.0,6/11,34.05%,MEF2C;CALM1;IQGAP1;CALM3;CLIC4;PPP3CA
prerank,Regulation Of Intracellular Signal Transduction (GO:1902531),0.3115222360205632,1.0280987427400612,0.4328147100424328,0.7910185287940902,1.0,14/23,46.10%,HSPB1;TMSB4X;MAP4K4;WWTR1;NUAK1;UBE2N;KDR;RASSF2;RALBP1;PRKD2;LBH;ARHGEF12;GRB2;TGFB1
prerank,Positive Regulation Of Cell-Substrate Adhesion (GO:0010811),0.3617962150646835,1.0188984056790014,0.43982808022922637,0.804560122475707,1.0,6/13,28.62%,FLNA;MDK;LIMS1;JUP;C1QBP;RSU1
prerank,DNA Metabolic Process (GO:0006259),0.296057607495111,1.0165144437001357,0.4738372093023256,0.8040099484158617,1.0,11/25,36.56%,PTMS;SET;NPM1;NAP1L1;UBE2N;MGMT;RAN;YY1;APEX1;FSCN1;UBE2A
prerank,Mitochondrion Organization (GO:0007005),0.3005133942482026,1.0128476778327948,0.4573082489146165,0.8064263108840211,1.0,14/27,35.79%,TIMM13;TOMM20;BAX;TOMM22;BID;COX7A2L;TOMM7;STOML2;AIP;CHCHD2;TIMM8B;HSD17B10;APEX1;HIGD2A
prerank,Negative Regulation Of Cellular Process (GO:0048523),0.23761211179477887,1.0059387834235989,0.46059782608695654,0.8152543457566376,1.0,12/67,12.88%,IGFBP7;GJA1;SOX4;ITGB1BP1;ETS1;NPM1;ANP32B;COL18A1;MDK;ENO1;ACTB;NME1
prerank,Neuron Development (GO:0048666),0.3212569345082375,1.0047178224140214,0.45706371191135736,0.8123990770802549,1.0,3/20,6.75%,RAB13;MEF2C;STMN1
prerank,"Mitochondrial Electron Transport, NADH To Ubiquinone (GO:0006120)",0.30882910183424256,0.9957815531756297,0.494475138121547,0.8254316780816666,1.0,13/22,42.83%,NDUFS5;NDUFB2;NDUFS8;NDUFAB1;NDUFB8;NDUFB7;NDUFA6;NDUFV2;NDUFS7;NDUFB4;NDUFB1;NDUFB5;NDUFB3
prerank,Negative Regulation Of Gene Expression (GO:0010629),0.2562907404349127,0.9906697030462265,0.4676753782668501,0.8305620039339422,1.0,6/52,7.66%,CD34;GAPDH;ERP29;YBX1;MEF2C;SERBP1
prerank,Regulation Of Actin Filament Polymerization (GO:0030833),0.35912137501650676,0.989213236228721,0.47474747474747475,0.8279674149008324,1.0,4/12,18.73%,PFN1;VASP;MTPN;COTL1
prerank,Regulation Of Myoblast Differentiation (GO:0045661),0.34884296824426925,0.9882425294646677,0.47701149425287354,0.8248304030458165,1.0,2/13,6.13%,SOX4;MEF2C
prerank,Negative Regulation Of NF-kappaB Transcription Factor Activity (GO:0032088),0.3721134673579187,0.9878131024967436,0.4834054834054834,0.8203753337065872,1.0,2/10,5.43%,COMMD6;TMSB4X
prerank,Regulation Of Protein Ubiquitination (GO:0031396),0.3490553905772353,0.9846839649365235,0.4928977272727273,0.821019442383474,1.0,6/13,23.19%,SOX4;FKBP1A;CAMLG;IVNS1ABP;UBE2N;UBXN1
prerank,Negative Regulation Of Cell Differentiation (GO:0045596),0.30754711915552685,0.9841540685106105,0.4921540656205421,0.817015823967384,1.0,7/20,25.84%,SOX4;ANP32B;ACTB;WWTR1;SPRY1;EFNA1;CCDC85B
prerank,Regulation Of Telomere Maintenance Via Telomerase (GO:0032210),0.3565475319243878,0.9835563120557719,0.4841040462427746,0.813238361616709,1.0,6/12,30.29%,HNRNPA1;TCP1;CCT8;CCT3;CCT4;CCT6A
prerank,Protein Ubiquitination (GO:0016567),0.30803973721231154,0.9790615399071637,0.5057971014492754,0.8166932508922358,1.0,12/20,40.53%,UBA52;UBE2J1;TRIM47;UBE2R2;UBE2E1;UBE2N;ATG3;UBE2K;FAAP20;UBE2A;UBE2D2;HERC2
prerank,Cellular Response To Oxygen-Containing Compound (GO:1901701),0.2721488786930903,0.9719731947710417,0.5050651230101303,0.8257728232702554,1.0,8/32,15.67%,VIM;UXT;MEF2C;ROMO1;LAMTOR2;ACTB;ATP2B4;LAMTOR1
prerank,Macroautophagy (GO:0016236),0.35153604821840867,0.9594911119007492,0.5132496513249651,0.8459498754842215,1.0,8/11,46.17%,CHMP3;EI24;SNF8;UBXN6;MAP1LC3A;MAP1LC3B;TGFB1;CHMP4A
prerank,Mitotic Spindle Organization (GO:0007052),0.34815470519372427,0.9514818373462293,0.5168067226890757,0.8567354899466559,1.0,2/11,6.75%,FLNA;STMN1
prerank,Positive Regulation Of Cellular Catabolic Process (GO:0031331),0.3286873902958791,0.9461606862030009,0.53,0.8619191123206509,1.0,1/12,1.18%,INSR
prerank,NADH Dehydrogenase Complex Assembly (GO:0010257),0.29118627837385125,0.9425302849023299,0.5483870967741935,0.8587532867522586,1.0,13/23,42.83%,NDUFS5;NDUFB2;NDUFS8;NDUFAB1;NDUFB8;NDUFB7;NDUFA6;NDUFA1;NDUFS7;NDUFB4;NDUFB1;NDUFB5;NDUFB3
prerank,Mitochondrial Respiratory Chain Complex I Assembly (GO:0032981),0.29118627837385125,0.9425302849023299,0.5483870967741935,0.8587532867522586,1.0,13/23,42.83%,NDUFS5;NDUFB2;NDUFS8;NDUFAB1;NDUFB8;NDUFB7;NDUFA6;NDUFA1;NDUFS7;NDUFB4;NDUFB1;NDUFB5;NDUFB3
prerank,Regulation Of Endocytosis (GO:0030100),0.3459130099758735,0.9243263633349171,0.5584045584045584,0.8883817989511664,1.0,10/11,60.52%,AP2S1;LGALS3;ROCK1;HIP1;PICALM;DAB2;SCARB1;APOE;FLOT1;RAB4A
prerank,Proton Motive Force-Driven ATP Synthesis (GO:0015986),0.27768803426099253,0.921802499985862,0.5952380952380952,0.8827075117436703,1.0,14/25,42.83%,NDUFS5;NDUFB2;NDUFS8;NDUFAB1;NDUFB8;NDUFB7;NDUFA6;NDUFA1;NDUFV2;NDUFS7;NDUFB4;NDUFB1;NDUFB5;NDUFB3
prerank,Proton Motive Force-Driven Mitochondrial ATP Synthesis (GO:0042776),0.27768803426099253,0.921802499985862,0.5952380952380952,0.8827075117436703,1.0,14/25,42.83%,NDUFS5;NDUFB2;NDUFS8;NDUFAB1;NDUFB8;NDUFB7;NDUFA6;NDUFA1;NDUFV2;NDUFS7;NDUFB4;NDUFB1;NDUFB5;NDUFB3
prerank,Positive Regulation Of Transcription By RNA Polymerase II (GO:0045944),0.20613519480721754,0.9136385018160715,0.6049046321525886,0.8926948897584426,1.0,11/90,8.64%,PTMA;PTMS;SOX4;ANXA2;CYTL1;YBX1;MEF2C;SOX18;ITGB1BP1;ETS1;NPM1
prerank,Positive Regulation Of Response To External Stimulus (GO:0032103),0.3077731235339245,0.9119432879294452,0.5722379603399433,0.8904272689050216,1.0,4/16,13.37%,LGALS1;ETS1;MDK;DDT
prerank,Proteolysis Involved In Protein Catabolic Process (GO:0051603),0.3485337943004182,0.9094356576590554,0.5756718528995757,0.8898582875372267,1.0,1/10,1.11%,UBA52
prerank,Regulation Of T Cell Differentiation (GO:0045580),0.3415061478383594,0.9077692021748243,0.5736543909348442,0.8878678153230686,1.0,3/10,17.69%,MDK;ACTB;PRELID1
prerank,Negative Regulation Of Protein Phosphorylation (GO:0001933),0.285013087527763,0.8970790313378404,0.6161764705882353,0.9024099970598691,1.0,4/19,15.88%,HSPB1;ITGB1BP1;CALM1;WWTR1
prerank,Vesicle-Mediated Transport (GO:0016192),0.23829436323761807,0.8968961809306876,0.6136680613668062,0.8975212914607393,1.0,14/43,29.32%,AP2S1;RAB13;ANXA2;EHD4;CCL14;LAMTOR1;CHMP3;KXD1;SNF8;EHD2;OCIAD2;NAPA;ARF3;GDI2
prerank,Regulation Of Protein Phosphorylation (GO:0001932),0.25581866311388185,0.8934973262734546,0.606993006993007,0.8984208767425907,1.0,6/30,11.14%,INSR;HSPB1;ERP29;NPM1;RALB;LIMCH1
prerank,Plasma Membrane Bounded Cell Projection Assembly (GO:0120031),0.2652741309703347,0.8908804514622847,0.6002865329512894,0.8980469490802947,1.0,10/25,34.12%,FLNA;EHD4;GSN;MAP4K4;EMP1;EHD2;DUSP23;RAP1A;ABLIM1;FSCN1
prerank,Negative Regulation Of Binding (GO:0051100),0.30690045197350757,0.8890070203014346,0.6056338028169014,0.896537479294418,1.0,4/14,12.74%,ITGB1BP1;RALB;BAX;NES
prerank,Regulation Of Macroautophagy (GO:0016241),0.31983858900404827,0.88834811934355,0.5837988826815642,0.892642117388593,1.0,1/12,1.25%,GAPDH
prerank,Regulation Of Macromolecule Metabolic Process (GO:0060255),0.30477961241270635,0.8861862130060897,0.6067251461988304,0.8914148807666771,1.0,4/14,15.67%,YBX1;PCBP2;HNRNPD;LAMTOR1
prerank,Positive Regulation Of DNA Biosynthetic Process (GO:2000573),0.3018255818361617,0.8855791707076619,0.5904486251808972,0.8876356972944006,1.0,11/15,49.09%,HNRNPA1;TCP1;CCT8;RGCC;CCT3;CCT4;CCT6A;PRKD2;XRCC5;PDGFB;CCT7
prerank,DNA-templated Transcription (GO:0006351),0.2511372800128577,0.8783575894502531,0.6262626262626263,0.8956840771704854,1.0,10/29,28.13%,PTMA;TSC22D1;GTF3A;DEK;IVNS1ABP;DRAP1;NFIC;TCEA2;CCDC124;GTF3C6
prerank,Positive Regulation Of Cell Differentiation (GO:0045597),0.23110912455248966,0.8730379864294228,0.6495132127955494,0.8997717767149301,1.0,4/39,6.13%,CD34;GJA1;SOX4;MEF2C
prerank,Regulation Of Cell Population Proliferation (GO:0042127),0.20063256307169094,0.8728145042353124,0.6807639836289222,0.8952590394068367,1.0,14/83,13.09%,IGFBP7;INSR;SOX4;ITGB1BP1;ETS1;NPM1;ROMO1;COL18A1;CCL14;TSC22D1;LIMS1;ACTB;NME1;SLC25A5
prerank,Protein Localization To Organelle (GO:0033365),0.31762015699945967,0.8519932043579297,0.6193265007320644,0.9266813073911876,1.0,3/10,20.82%,YBX1;CAMLG;WDR83OS
prerank,Regulation Of GTPase Activity (GO:0043087),0.2545590381218789,0.851004242551238,0.6588397790055248,0.9235606492672355,1.0,18/24,55.08%,ITGB1BP1;CCL14;MAP4K4;LIMS1;RAP1A;RSU1;AGRN;ZC3H15;RALBP1;PLXND1;TMED2;PICALM;THY1;CCL18;ARL2;RALGDS;WNK1;F2R
prerank,Endoplasmic Reticulum To Golgi Vesicle-Mediated Transport (GO:0006888),0.27332703692581395,0.848483096455199,0.6531468531468532,0.922527424789651,1.0,16/17,68.59%,TRAPPC1;ERGIC3;NRBP1;TMED2;YIPF5;COPE;KDELR2;YIF1A;RAB2A;TFG;ARF4;PEF1;LMAN2;BCAP29;TRAPPC2L;RAB1B
prerank,protein-DNA Complex Organization (GO:0071824),0.3110330248567431,0.8475161526588788,0.6272855133614628,0.9193421581765281,1.0,2/11,7.45%,BANF1;CBX3
prerank,mRNA Stabilization (GO:0048255),0.3007078560886676,0.8443532305111011,0.6647230320699709,0.919649361313771,1.0,7/13,38.72%,YBX1;HNRNPD;PAIP1;LARP1;PABPC1;YBX3;CSDE1
prerank,Regulation Of Wnt Signaling Pathway (GO:0030111),0.30139694281615137,0.8377586906852443,0.6572237960339944,0.9260182061383511,1.0,3/12,12.60%,GRB10;SNX3;APCDD1
prerank,Negative Regulation Of Macromolecule Metabolic Process (GO:0010605),0.23532599352877648,0.8365584102012821,0.7022160664819944,0.9229874331225932,1.0,3/32,6.13%,CD34;ERP29;MEF2C
prerank,Mitochondrial Respiratory Chain Complex Assembly (GO:0033108),0.24125510611314346,0.8310292407297929,0.6789250353606789,0.9275960189086553,1.0,24/30,64.21%,NDUFS5;NDUFB2;NDUFS8;NDUFAB1;NDUFB8;COX17;NDUFB7;NDUFA6;UQCRFS1;NDUFA1;NDUFS7;NDUFB4;NDUFB1;NDUFB5;NDUFB3;COA3;COX14;NDUFB10;NDUFS3;SDHAF2;OXA1L;UQCC3;NDUFA8;NDUFA10
prerank,Regulation Of Proteasomal Ubiquitin-Dependent Protein Catabolic Process (GO:0032434),0.30757990945449304,0.8309232236639505,0.6666666666666666,0.9230093980762245,1.0,8/11,53.13%,EIF3H;CAMLG;UBXN1;RAD23A;SUMO1;DAB2;STUB1;WAC
prerank,Protein-Containing Complex Assembly (GO:0065003),0.221514744750528,0.8306668535205366,0.701534170153417,0.9186885063155167,1.0,16/44,27.72%,AP2S1;ITGB1BP1;FKBP1A;PFDN5;TRAPPC1;CHMP3;MAGI1;TBCA;COX7A2L;TCP1;LAMC1;CSNK2B;PPP2R1A;GPX4;STOML2;BAD
prerank,Spliceosomal snRNP Assembly (GO:0000387),0.3058181564894479,0.8271487336890277,0.6813655761024182,0.9195444791355419,1.0,4/11,27.51%,SNRPE;SNRPD1;LSM2;LSM4
prerank,Positive Regulation Of Hydrolase Activity (GO:0051345),0.2499285554844612,0.8255143966242198,0.6946778711484594,0.9173831046802486,1.0,17/23,55.08%,CCL14;MAP4K4;LIMS1;CALM1;CALM3;RAP1A;RSU1;AGRN;ROCK1;ZC3H15;RALBP1;CD200;PICALM;THY1;CCL18;RALGDS;F2R
prerank,Modification-Dependent Protein Catabolic Process (GO:0019941),0.2636059902692258,0.8220668256697448,0.6768802228412256,0.9180585118560409,1.0,9/18,39.62%,UBA52;UBE2I;UBE2R2;UBE2E1;RNF5;UBE2K;TTC3;UBE2A;UBE2D2
prerank,U2-type Prespliceosome Assembly (GO:1903241),0.2838298783168068,0.8090605160381632,0.6926286509040334,0.9342603047995546,1.0,2/12,10.86%,SNRPE;SNRPD1
prerank,Negative Regulation Of Multicellular Organismal Process (GO:0051241),0.24642290204546308,0.8063355514765521,0.7085137085137085,0.933670591690225,1.0,9/26,23.47%,GJA1;MEF2C;LAMA4;MDK;ATP2B4;SPRY1;ARHGDIB;RGCC;EFNA1
prerank,Regulation Of Lamellipodium Assembly (GO:0010591),0.30364656381486704,0.8039549274497491,0.6992481203007519,0.9327666850656363,1.0,10/10,69.85%,ARPC2;FSCN1;ACTR3;BRK1;ABI3;CAPZB;WASF2;TWF2;ACTR2;NCKAP1
prerank,Activation Of Cysteine-Type Endopeptidase Activity Involved In Apoptotic Process (GO:0006919),0.2750861489210732,0.7931626638510779,0.7094499294781382,0.9443918901735532,1.0,11/14,59.54%,ANP32B;BAX;BID;HSPE1;BAD;HIP1;HSPD1;F2R;MTCH1;LAPTM5;PYCARD
prerank,Plasma Membrane Bounded Cell Projection Organization (GO:0120036),0.2655430714347259,0.7929667350111763,0.7097222222222223,0.9400559226391949,1.0,2/16,6.75%,RAB13;STMN1
prerank,Mitotic Sister Chromatid Segregation (GO:0000070),0.2860435664901789,0.7868671678636472,0.7084507042253522,0.944281842243576,1.0,7/12,46.17%,FLNA;CHMP3;RAN;KPNB1;DCTN2;LSM14A;CHMP4A
prerank,Integrin-Mediated Signaling Pathway (GO:0007229),0.28606500268422413,0.7840174483672092,0.7090909090909091,0.9439049732542709,1.0,7/11,48.05%,ITGB1BP1;MYH9;ADAM10;ZYX;DST;DAB2;THY1
prerank,Non-Membrane-Bounded Organelle Assembly (GO:0140694),0.2901255165651062,0.7824590293515975,0.7179104477611941,0.9415833075717098,1.0,2/11,8.64%,MYL9;NPM1
prerank,Negative Regulation Of Nucleic Acid-Templated Transcription (GO:1903507),0.19896385419119758,0.777656383285713,0.782608695652174,0.9440288597652678,1.0,8/50,12.40%,SET;TNFRSF4;SOX18;UBE2I;CBX3;PFDN5;LIMS1;ENO1
prerank,Membrane Organization (GO:0061024),0.2465535348558646,0.7757933335189237,0.7341772151898734,0.9422517307974853,1.0,6/19,27.30%,ANXA2;SNX3;CHMP3;SNF8;NAPA;SERP1
prerank,Regulation Of Protein Dephosphorylation (GO:0035304),0.2667581255167737,0.7611580124938307,0.7600574712643678,0.9579527557445794,1.0,5/13,27.79%,CALM1;CAMTA1;HSP90B1;CALM3;ARPP19
prerank,Positive Regulation Of Protein-Containing Complex Assembly (GO:0031334),0.27524265892469396,0.7590943970202695,0.7573529411764706,0.9562683792510079,1.0,9/13,51.95%,BAX;BID;LGALS3;FSCN1;SUMO1;TGFB1;SH3GLB1;BRK1;STUB1
prerank,Regulation Of Cellular Component Organization (GO:0051128),0.2603604390779394,0.7568467262269839,0.7467811158798283,0.9547116790031186,1.0,3/15,15.67%,AP2S1;LAMTOR2;LAMTOR1
prerank,Golgi Vesicle Transport (GO:0048193),0.21294861997716102,0.7542329427301788,0.8172804532577904,0.9538320938658444,1.0,25/29,70.68%,RAB13;SNX3;TRAPPC1;NAPA;ERGIC3;ARF3;VPS51;MYO1B;NRBP1;TMED2;YIPF5;COPE;KDELR2;ARF5;YIF1A;RAB2A;TFG;VTI1B;ARF4;PEF1;LMAN2;BCAP29;TRAPPC2L;RAB1B;KIF1C
prerank,Lipid Transport (GO:0006869),0.28465744802430887,0.7522606797295848,0.7631954350927247,0.9519825865492773,1.0,3/10,19.85%,RBP7;PRELID1;NME4
prerank,Protein Modification By Small Protein Conjugation (GO:0032446),0.23535827383832614,0.7439142651103677,0.7640117994100295,0.9587268344361045,1.0,3/20,11.56%,UBA52;UBE2I;TRIM47
prerank,Cytoskeleton Organization (GO:0007010),0.272499709462498,0.7400954010808445,0.7782426778242678,0.95915539277197,1.0,9/12,57.24%,CFL1;MDK;SH3BGRL3;FMNL2;DST;THY1;FMNL3;CAPZB;APOE
prerank,Neuron Projection Development (GO:0031175),0.2449033149557074,0.7358028004378889,0.7979651162790697,0.9598609481191313,1.0,3/17,12.26%,RAB13;STMN1;MAP4K4
prerank,Nucleosome Organization (GO:0034728),0.2525968629762401,0.7348171859578857,0.7869565217391304,0.9567028532116487,1.0,3/14,18.45%,SET;NPM1;NAP1L1
prerank,Transcription By RNA Polymerase II (GO:0006366),0.21878959061772107,0.7334263972318081,0.8023426061493412,0.9539561373766493,1.0,14/25,49.72%,ANXA2;TSC22D1;DEK;DRAP1;NFIC;CCDC124;SUPT4H1;RTF1;ATF4;GTF2A2;POLR2H;SSU72;DDX21;POLR2E
prerank,DNA Repair (GO:0006281),0.2233386967599869,0.7240352145750643,0.7918486171761281,0.9612770046607404,1.0,11/22,41.50%,NPM1;RNASEH2C;UBE2N;MGMT;APEX1;FSCN1;FAAP20;UBE2A;TEX264;RAD23A;SUMO1
prerank,Positive Regulation Of Protein Polymerization (GO:0032273),0.2763529208971339,0.7234927653504613,0.7824143070044709,0.9575587133069667,1.0,2/10,13.79%,PFN1;VASP
prerank,Spliceosomal Complex Assembly (GO:0000245),0.2397222615751295,0.7213168446735492,0.7866108786610879,0.9559234604940046,1.0,14/15,72.42%,SNRPE;SNRPD1;SF3B5;SRSF9;SNRPD2;SNRPB;SF3B1;CELF1;SNRPF;SF3A1;TXNL4A;SNRPG;DDX46;SNRPB2
prerank,protein-DNA Complex Assembly (GO:0065004),0.2698855249011032,0.7203530182921912,0.8,0.9527322345837451,1.0,9/10,66.85%,NPM1;NAP1L1;NASP;UBN1;GTF2H5;RSF1;ATRX;NAP1L4;SSRP1
prerank,Mitotic Cell Cycle Phase Transition (GO:0044772),0.24938254265162632,0.7081488570769348,0.7922848664688428,0.9629078841082969,1.0,11/13,64.97%,NES;CCNI;ARPP19;UBE2A;CHMP4A;CCNG1;CDK4;CCNY;PLCB1;KHDRBS1;EIF4EBP1
prerank,Cellular Response To Starvation (GO:0009267),0.23296168980971216,0.6960176414133823,0.810368349249659,0.9726728487061227,1.0,3/16,16.30%,HNRNPA1;RALB;NUAK1
prerank,Positive Regulation Of Plasma Membrane Bounded Cell Projection Assembly (GO:0120034),0.22255641312871985,0.6738848998147242,0.8374816983894583,0.9925708241971103,1.0,2/17,6.06%,PFN1;DPYSL3
prerank,DNA Damage Response (GO:0006974),0.19486783289846624,0.6738467484838903,0.8353115727002968,0.9881874500742244,1.0,14/30,44.29%,CBX3;NPM1;BAX;BID;ALKBH7;MGMT;YY1;APEX1;FSCN1;FAAP20;UBE2A;HERC2;SUMO1;GRB2
prerank,Establishment Of Protein Localization To Organelle (GO:0072594),0.2406092169597609,0.665323186606766,0.8253275109170306,0.9929193497401818,1.0,7/11,50.70%,IPO11;RAN;KPNB1;TPR;APLP2;RPAIN;PHB2
prerank,Protein Localization To Nucleus (GO:0034504),0.22554385380808,0.6568743430084728,0.8637015781922525,0.9971051035868234,1.0,9/14,52.72%,IPO11;RAN;KPNB1;TPR;APLP2;CTDNEP1;RPAIN;PHB2;ARL2
prerank,Negative Regulation Of DNA-templated Transcription (GO:0045892),0.1503821952406304,0.6546428621514261,0.939106901217862,0.9949899497357472,1.0,13/96,12.40%,SOX4;UXT;FLNA;SET;TNFRSF4;MEF2C;SOX18;UBE2I;CBX3;PFDN5;BCL6B;LIMS1;ENO1
prerank,Negative Regulation Of Signal Transduction (GO:0009968),0.20335895827248623,0.6541058830617699,0.8877697841726618,0.9911371900166728,1.0,5/21,19.99%,GRB10;APOD;APCDD1;PTPN12;SPRY1
prerank,Negative Regulation Of Defense Response (GO:0031348),0.24468374862901532,0.6449028800464047,0.8595744680851064,0.9958837385851734,1.0,3/10,23.26%,BANF1;PCBP2;C1QBP
prerank,Positive Regulation Of DNA Repair (GO:0045739),0.229299163680474,0.6426144080277022,0.8623595505617978,0.9935905630101042,1.0,6/12,42.20%,ACTB;UBE2N;MGMT;YY1;BCL7C;BRD7
prerank,Regulation Of Endothelial Cell Migration (GO:0010594),0.1964250220901262,0.6282115719519894,0.866571018651363,1.0,1.0,3/22,8.43%,SPARC;ITGB1BP1;ETS1
prerank,Protein Phosphorylation (GO:0006468),0.1580062841675804,0.584662996466491,0.9085714285714286,1.0,1.0,2/39,3.48%,INSR;FLT1
prerank,"Regulation Of Alternative mRNA Splicing, Via Spliceosome (GO:0000381)",0.21665240017196824,0.583332570913392,0.9139167862266858,1.0,1.0,1/10,3.90%,HNRNPA1
prerank,Axonogenesis (GO:0007409),0.21769679760702626,0.5779302648962377,0.9344262295081968,1.0,1.0,4/10,23.47%,VASP;SSNA1;KIF5B;EFNA1
prerank,RNA Processing (GO:0006396),0.16071695584601134,0.5727943021324218,0.9294964028776979,1.0,1.0,30/34,75.63%,SNRPD1;HNRNPD;IVNS1ABP;PPP2R1A;LSM4;HNRNPUL1;MBNL1;SRSF9;LSM5;SNRPN;SNRPD2;RNPS1;LSM3;MAGOH;ZCRB1;SNRPB;HNRNPC;SYNCRIP;RBMS1;SF3B1;LSM1;CELF1;SNRPF;SF3A1;SNRPG;RBPMS;PPIG;DUSP11;SRRM1;WBP4
prerank,Dephosphorylation (GO:0016311),0.18400672396300166,0.5640049167449037,0.9235209235209235,1.0,1.0,9/17,45.40%,PTPN12;PPP1CB;PPP2R1A;DUSP23;PHPT1;PPP3CA;PPP1CC;CTDNEP1;PPM1G
prerank,"Regulation Of mRNA Splicing, Via Spliceosome (GO:0048024)",0.1778248313087195,0.5349588516121956,0.9347517730496454,1.0,1.0,2/16,9.40%,HNRNPA1;PRDX6
prerank,Positive Regulation Of GTPase Activity (GO:0043547),0.1626872061066355,0.5291182851962221,0.951856946354883,1.0,1.0,14/22,55.08%,CCL14;MAP4K4;LIMS1;RAP1A;RSU1;AGRN;ZC3H15;RALBP1;PICALM;THY1;TAX1BP3;CCL18;RALGDS;F2R
prerank,Protein Modification Process (GO:0036211),0.12532991755777112,0.5236654787253562,0.977961432506887,1.0,1.0,2/69,1.18%,UBA52;INSR
prerank,Mesenchymal Cell Differentiation (GO:0048762),0.19621711519627127,0.5175641188022341,0.9606986899563319,1.0,1.0,2/10,12.33%,MEF2C;LIMS1
prerank,"RNA Splicing, Via Transesterification Reactions With Bulged Adenosine As Nucleophile (GO:0000377)",0.1375827467940505,0.5167395467786817,0.9645892351274787,1.0,1.0,15/39,39.76%,SNRPE;HNRNPA1;LSM7;SNRPD1;LSM2;LSM4;SF3B5;LSM8;PABPC1;CWC15;SRSF9;RALY;LSM5;SNRPN;SNRPD2
prerank,Regulation Of Double-Strand Break Repair (GO:2000779),0.18638995414129478,0.5166095465317865,0.9575070821529745,1.0,1.0,6/12,44.71%,DEK;UBE2N;MGMT;BCL7C;BRD7;MORF4L2
prerank,Wound Healing (GO:0042060),0.18853191660111301,0.5144829399743309,0.9690576652601969,1.0,1.0,6/10,51.04%,CHMP3;MYH9;PPP3CA;CHMP4A;DST;SCARB1
prerank,Negative Regulation Of Response To External Stimulus (GO:0032102),0.18492192768016139,0.5126574597014394,0.9674681753889675,1.0,1.0,3/12,23.26%,BANF1;PCBP2;C1QBP
prerank,Positive Regulation Of NF-kappaB Transcription Factor Activity (GO:0051092),0.1693091714824015,0.5126466258743644,0.9617563739376771,1.0,1.0,11/16,60.38%,NPM1;MTPN;LGALS9;UBE2N;PRKCH;PRKD2;LAMTOR5;PPIA;FLOT1;PYCARD;AKR1B1
prerank,Chromatin Organization (GO:0006325),0.13534445564760514,0.5126414164194878,0.9682320441988951,1.0,1.0,12/44,30.64%,BANF1;CBX3;NPM1;ANP32B;DEK;NAP1L1;BAZ2B;HMGN1;ZNHIT1;BPTF;SUPT4H1;YY1
prerank,RNA Splicing (GO:0008380),0.15147775611213435,0.5021629886608404,0.9629629629629629,1.0,1.0,21/24,75.63%,SNRPD1;IVNS1ABP;PPP2R1A;LSM4;MBNL1;SNRPN;SNRPD2;RNPS1;MAGOH;ZCRB1;SNRPB;HNRNPC;SYNCRIP;SF3B1;LSM1;SNRPF;TXNL4A;SNRPG;PPIG;SRRM1;WBP4
prerank,Regulation Of DNA Repair (GO:0006282),0.16261844339681394,0.49573620188872997,0.958981612446959,1.0,1.0,8/17,44.71%,ACTB;DEK;UBE2N;SF3B5;YY1;BCL7C;BRD7;MORF4L2
prerank,Phosphorylation (GO:0016310),0.13190111428266382,0.47697305305891646,0.9513590844062947,1.0,1.0,1/34,1.18%,INSR
prerank,"mRNA Splicing, Via Spliceosome (GO:0000398)",0.12465645677371273,0.4747495233064002,0.9845938375350141,1.0,1.0,4/42,10.86%,SNRPE;HNRNPA1;LSM7;SNRPD1
prerank,mRNA Processing (GO:0006397),0.12318696367731391,0.4728398416439803,0.9847222222222223,1.0,1.0,4/42,10.86%,SNRPE;HNRNPA1;LSM7;SNRPD1
prerank,Organelle Organization (GO:0006996),0.13048049465688305,0.47051731125769575,0.9751724137931035,1.0,1.0,24/34,63.93%,CFL1;MDK;CHMP3;SH3BGRL3;STOML2;CHCHD2;HSD17B10;VPS51;TMED2;ABCD4;FMNL2;CHMP4A;DST;THY1;FMNL3;PHB2;PPIA;RAB2A;CAPZB;YTHDF2;APOE;RAB32;PPID;FGD5
prerank,Response To Metal Ion (GO:0010038),0.16468237215030435,0.44779195138749345,0.9824817518248176,1.0,1.0,5/11,42.27%,CALM1;CALM3;PPP3CA;NDRG1;HIF1A
prerank,Protein Processing (GO:0016485),0.15133074575312613,0.43247316886681275,0.9929676511954993,1.0,1.0,2/13,13.58%,SEC11A;BACE2
prerank,Cellular Response To Oxidative Stress (GO:0034599),0.14784717236182468,0.4294692200338808,0.9942279942279942,1.0,1.0,2/15,9.12%,ROMO1;PRDX2
prerank,Negative Regulation Of Protein Modification Process (GO:0031400),0.1503958688047618,0.41400165920440474,0.9928057553956835,1.0,1.0,2/11,15.88%,ATP2B4;WWTR1
prerank,Ras Protein Signal Transduction (GO:0007265),0.12094120411471537,0.3984111263605145,0.9885550786838341,1.0,1.0,7/24,33.36%,CFL1;RALB;ARHGDIB;RAP1A;ROCK1;KPNB1;ARHGDIA
prerank,Negative Regulation Of Transmembrane Receptor Protein Serine/Threonine Kinase Signaling Pathway (GO:0090101),0.13405564843406986,0.37469848495622626,0.9941348973607038,1.0,1.0,8/12,63.44%,FKBP1A;SPRY1;FAM89B;TGFB1I1;STUB1;CRIM1;STRAP;HDAC2
prerank,Regulation Of Transforming Growth Factor Beta Receptor Signaling Pathway (GO:0017015),0.1222759300467332,0.36354505524366604,0.9985569985569985,1.0,1.0,8/15,51.95%,FKBP1A;SPRY1;FAM89B;NREP;TGFB1I1;TGFB1;DAB2;STUB1
prerank,Negative Regulation Of Transforming Growth Factor Beta Receptor Signaling Pathway (GO:0030512),0.13230291488882784,0.35838085553525173,0.9985207100591716,1.0,1.0,4/11,39.42%,FKBP1A;SPRY1;FAM89B;TGFB1I1
prerank,Negative Regulation Of Developmental Process (GO:0051093),0.11651510432503537,0.34008800540266987,0.9943181818181818,1.0,1.0,10/15,64.83%,ANP32B;VASH1;ROCK1;BCL7C;TGFB1;THY1;PHF14;ROCK2;HDAC2;BCL7B
prerank,Chromatin Remodeling (GO:0006338),0.08276620483946874,0.29735687750675105,1.0,0.9997257296448542,1.0,23/34,69.36%,CBX3;NPM1;DEK;BAZ2B;ZNHIT1;BPTF;YY1;BCL7C;COPRS;BRD7;DDX21;WAC;HNRNPC;CHD3;RSF1;SF3B1;MECOM;ATRX;HDAC2;INO80C;BCL7B;CFDP1;HDAC5
prerank,Cellular Response To Chemical Stress (GO:0062197),-0.11850012178014976,-0.32961561708888504,1.0,0.9981686928227474,1.0,11/12,70.19%,CAV1;FOXO1;RBX1;NQO1;PRKAA1;ZFP36L2;SOD2;PPIA;PRDX5;ATF4;CHCHD2
prerank,Cellular Response To UV (GO:0034644),-0.13032064970289187,-0.35293068433712976,0.9965277777777778,1.0,1.0,4/10,21.17%,HYAL2;ERCC1;RBX1;DDB1
prerank,Positive Regulation Of Epithelial Cell Proliferation (GO:0050679),-0.11802120141342756,-0.3842123429442089,0.9726027397260274,1.0,1.0,21/21,88.44%,RTN4;EGFL7;BMPR2;FLT4;XBP1;HRAS;GRN;PDCD6;EMC10;ZNF580;LAMB1;AKT3;MYDGF;PDGFB;HIF1A;PRKD2;KDR;BAD;LAMC1;NME1;MDK
prerank,Protein Maturation (GO:0051604),-0.13239436619718312,-0.41596004099811673,0.9728813559322034,1.0,1.0,16/16,86.98%,PSENEN;GLRX3;MBTPS1;CASP10;CASP4;CPD;NAA20;TESC;DNAJB11;HSPD1;STUB1;TSPAN15;ADAM10;METAP2;BACE2;NDUFAB1
prerank,Positive Regulation Of DNA-binding Transcription Factor Activity (GO:0051091),-0.12195394018535602,-0.44016252699512315,0.9576547231270358,1.0,1.0,7/27,10.58%,EDN1;CFLAR;CAV1;SMARCA4;PLPP3;SMARCB1;BUD31
prerank,Endomembrane System Organization (GO:0010256),-0.15741391426563597,-0.4467065795521373,0.9695945945945946,1.0,1.0,13/13,84.47%,CAV2;REEP3;AP3D1;VMP1;LMNA;CHMP2B;RAB1B;RAB2A;CTDNEP1;TMED2;VPS51;SERP1;LAMTOR1
prerank,Regulation Of Endothelial Cell Proliferation (GO:0001936),-0.1445679322526591,-0.4715672396733912,0.9644012944983819,0.9994660002993916,1.0,4/19,6.89%,CAV2;EGFL7;CAV1;BMPR2
prerank,Regulation Of Cell Cycle Process (GO:0010564),-0.15380040234040487,-0.48181516641275485,0.9251700680272109,1.0,1.0,7/15,25.35%,CAV2;SMARCA4;SMARCB1;PRPF40A;SMARCC1;SMARCC2;DAPK3
prerank,Negative Regulation Of Intracellular Signal Transduction (GO:1902532),-0.14039058786194883,-0.4903161414096591,0.9424460431654677,1.0,1.0,2/20,3.48%,DUSP1;HYAL2
prerank,Response To Endoplasmic Reticulum Stress (GO:0034976),-0.16373014167950903,-0.49875561650007044,0.9245283018867925,1.0,1.0,6/16,18.87%,JUN;XBP1;MBTPS1;CREB3L2;PDIA4;CASP4
prerank,Positive Regulation Of Endothelial Cell Proliferation (GO:0001938),-0.18450476413161487,-0.5439391473538313,0.9054054054054054,0.9753403796680605,1.0,13/14,66.92%,EGFL7;BMPR2;GATA2;FLT4;PDCD6;EMC10;ZNF580;AKT3;MYDGF;PDGFB;HIF1A;PRKD2;KDR
prerank,Regulation Of Cell Cycle (GO:0051726),-0.16239540322408222,-0.5439720058852913,0.9041095890410958,0.9823070966656896,1.0,19/21,69.50%,JUN;HRAS;TARDBP;DAPK3;CDC123;UHMK1;TP53;INO80C;MECOM;TADA3;PIM3;CDK4;TGFB1;MORF4L2;BRD7;CDC26;RAD23A;PUM1;YY1
prerank,Epithelial Cell Differentiation (GO:0030855),-0.17944557519922166,-0.5483652273586137,0.8857142857142857,0.9855284620460469,1.0,1/15,2.02%,ANXA1
prerank,Positive Regulation Of Catabolic Process (GO:0009896),-0.19424964936886396,-0.5508340882334569,0.9042904290429042,0.9902278150393968,1.0,10/10,80.78%,FOXO1;RBX1;DDB1;PLK2;LAPTM5;FLNB;VGLL4;OAZ2;MSN;SNF8
prerank,Protein Dephosphorylation (GO:0006470),-0.17887323943661973,-0.5548035975344714,0.8841059602649006,0.9939505039824427,1.0,16/16,82.38%,DUSP1;PTPRB;PTPRM;DUSP11;PPP1CA;PPP2R5A;PPP2CB;SDHAF2;PPM1G;CTDNEP1;PPP1CC;PPP3CA;PHPT1;PPP2R1A;PPP1CB;PTPN12
prerank,Regulation Of Cell Differentiation (GO:0045595),-0.1621653805350307,-0.5771887982853866,0.9045936395759717,0.9803995909375302,1.0,6/26,10.17%,DDX5;KLF4;EMP2;SMARCA4;CHD4;SMARCB1
prerank,Intracellular Protein Transport (GO:0006886),-0.15207474219643427,-0.5824968352665839,0.931740614334471,0.9826415213172573,1.0,1/38,1.11%,CD74
prerank,Positive Regulation Of Protein Catabolic Process (GO:0045732),-0.19465917076598735,-0.5853732970971544,0.8648648648648649,0.9873674825102722,1.0,13/13,80.78%,FOXO1;PSMC3;RBX1;DDB1;PSMC6;PLK2;APOE;CD81;VGLL4;OAZ2;MSN;PSMC5;SNF8
prerank,Regulation Of Protein Metabolic Process (GO:0051246),-0.21963482504220078,-0.5967238924708225,0.8485915492957746,0.9832631358885617,1.0,2/11,3.55%,EDN1;KLF4
prerank,Regulation Of Plasma Membrane Bounded Cell Projection Assembly (GO:0120032),-0.23087719298245613,-0.6195313978744056,0.8300653594771242,0.9665926414252486,1.0,11/11,77.16%,CAV1;FXR1;ARF6;TBC1D1;TWF2;CAPZB;IFT20;MYO10;FSCN1;ATG3;PODXL
prerank,Histone Modification (GO:0016570),-0.229312762973352,-0.6251533390482313,0.8141891891891891,0.9680248923972856,1.0,10/10,77.30%,CHD4;TAF12;HDAC1;HDAC5;HDAC2;TADA3;CHD3;MORF4L2;UBE2A;UBE2N
prerank,Positive Regulation Of Double-Strand Break Repair (GO:2000781),-0.2294736842105263,-0.6390093831667506,0.7964912280701755,0.9606192862052637,1.0,11/11,77.30%,SMARCA4;SMARCB1;SMARCC1;SMARCC2;BCL7B;ACTR2;MORF4L2;BRD7;BCL7C;MGMT;UBE2N
prerank,Small GTPase Mediated Signal Transduction (GO:0007264),-0.21288202267451473,-0.6430273220477964,0.779874213836478,0.9638361195554085,1.0,10/15,32.87%,RALA;ARL3;RASGRP3;HRAS;G3BP2;PLK2;RAB18;HACD3;TP53;RAPGEF5
prerank,Regulation Of Cell Cycle G1/S Phase Transition (GO:1902806),-0.22174700774923148,-0.6438691695481445,0.7755102040816326,0.9704305717929641,1.0,11/12,62.47%,SMARCA4;SMARCB1;APPL1;SMARCC1;SMARCC2;PLCG2;BCL7B;PHB2;BRD7;BCL7C;APLP2
prerank,mRNA Metabolic Process (GO:0016071),-0.2135947249743911,-0.6632707512299089,0.7905405405405406,0.9562104635953347,1.0,5/17,11.21%,DDX5;ZFP36;SRSF7;SSB;SF3B2
prerank,Positive Regulation Of Transmembrane Receptor Protein Serine/Threonine Kinase Signaling Pathway (GO:0090100),-0.25118233395666456,-0.6712047085506522,0.7903225806451613,0.9545994917447781,1.0,3/10,6.89%,ACVRL1;ENG;BMPR2
prerank,Ubiquitin-Dependent Protein Catabolic Process (GO:0006511),-0.17480775996949272,-0.6749096016727477,0.8637992831541219,0.9578316014944774,1.0,1/39,0.84%,IFI27
prerank,Negative Regulation Of Cell Adhesion (GO:0007162),-0.2430124963526213,-0.6792166920673196,0.8060200668896321,0.9607474839965009,1.0,2/10,4.11%,DUSP1;ACVRL1
prerank,Nuclear-Transcribed mRNA Catabolic Process (GO:0000956),-0.24609037702837153,-0.7016166525000346,0.745819397993311,0.9416002309340031,1.0,11/12,61.42%,DDX5;ZFP36;UPF3A;THRAP3;LSM1;POLR2G;PNRC1;MAGOH;RNPS1;CNOT7;CSDE1
prerank,Regulation Of DNA-templated Transcription (GO:0006355),-0.13876826114069182,-0.7187694580455114,0.9182692307692307,0.9284330006807091,1.0,13/153,6.06%,EPAS1;CD74;HLA-DRB1;JUN;DDX5;KLF4;ACVRL1;ENG;FOSB;BTG1;FOXF1;ZBTB16;SMAD6
prerank,Regulation Of Mitotic Cell Cycle Phase Transition (GO:1901990),-0.25318215262608323,-0.7496099711750134,0.6287625418060201,0.897673346663192,1.0,12/13,62.47%,SMARCA4;SMARCB1;APPL1;DDB1;SMARCC1;SMARCC2;BCL7B;ZFP36L2;CDK4;BRD7;BCL7C;APLP2
prerank,Cellular Response To Nutrient Levels (GO:0031669),-0.27091169019217787,-0.7547137144724474,0.6725978647686833,0.8986522723742408,1.0,8/11,33.15%,FAM107A;BMPR2;WDR45;XBP1;FOXO1;PRKAA1;EIF4G1;INHBB
prerank,Proteasome-Mediated Ubiquitin-Dependent Protein Catabolic Process (GO:0043161),-0.199470285333746,-0.7570820326929283,0.7816901408450704,0.9032370291740232,1.0,1/32,0.84%,IFI27
prerank,Regulation Of Mitotic Cell Cycle (GO:0007346),-0.2818290465554696,-0.7630207703747375,0.6770186335403726,0.9028359626272552,1.0,9/10,58.84%,CAV2;BTG1;DDB1;DAPK3;EIF4EBP1;PIM3;USP22;BRD7;CDC26
prerank,Regulation Of Transcription By RNA Polymerase II (GO:0006357),-0.14579500947302115,-0.7679805496675837,0.91324200913242,0.9041478953837826,1.0,21/153,7.52%,EPAS1;IFI27;JUN;DDX5;EDN1;HYAL2;KLF4;ACVRL1;N4BP2L2;ENG;FOSB;ZFP36;FOXF1;ZBTB16;SMAD6;CAV1;BMPR2;IER2;GATA2;MAZ;SMARCA4
prerank,Positive Regulation Of Autophagy (GO:0010508),-0.27879213483146065,-0.7752907169132047,0.6666666666666666,0.9032369397436225,1.0,12/12,72.42%,SUPT5H;FOXO1;PLK2;PRKAA1;CCNY;PAFAH1B2;WAC;SH3GLB1;KDR;LARP1;ROCK1;BAD
prerank,Phosphate-Containing Compound Metabolic Process (GO:0006796),-0.27266338721011946,-0.7858025843962799,0.6463022508038585,0.8978659513004521,1.0,13/13,73.05%,PTPRB;PLPP3;PGK1;HK1;PFKP;MAPK3;PPP1CA;ALDOA;NUDT14;TGFB1;PPP3CA;DUSP23;GPX4
prerank,Positive Regulation Of DNA-templated Transcription (GO:0045893),-0.15507005868474685,-0.8014606559881041,0.8373983739837398,0.8848204887243657,1.0,16/132,7.52%,EPAS1;CD74;HLA-DRB1;JUN;EDN1;HYAL2;KLF4;ACVRL1;ENG;FOXF1;ZBTB16;BMPR2;IER2;GATA2;MAZ;SMARCA4
prerank,Positive Regulation Of Cellular Process (GO:0048522),-0.17817543813594658,-0.8241434274251618,0.725,0.8617992520667138,1.0,6/66,5.22%,IL7R;VIPR1;EDN1;LIFR;EMP2;ZFP36
prerank,Positive Regulation Of Protein Ubiquitination (GO:0031398),-0.296853068659462,-0.8261753161532202,0.6158940397350994,0.8672453396852908,1.0,3/12,6.55%,UBB;FAM107A;CAV1
prerank,Protein Complex Oligomerization (GO:0051259),-0.2901807280727181,-0.8392166208913365,0.5757575757575758,0.8575752105351425,1.0,1/11,1.39%,HLA-DRB1
prerank,Positive Regulation Of Nucleic Acid-Templated Transcription (GO:1903508),-0.1909794016195476,-0.8409837037580294,0.7325581395348837,0.8627227910786207,1.0,7/67,5.92%,CD74;HLA-DRB1;JUN;KLF4;ACVRL1;FOXF1;ZBTB16
prerank,Protein Localization To Membrane (GO:0072657),-0.22610562590308064,-0.8464339139868859,0.689419795221843,0.8631400902737832,1.0,2/34,1.67%,RAMP3;RAMP2
prerank,Negative Regulation Of Cytokine Production (GO:0001818),-0.24664013370113905,-0.8546300084545638,0.6325088339222615,0.8599873613158766,1.0,4/23,5.22%,HLA-DRB1;ANXA1;KLF4;ZFP36
prerank,Cellular Component Assembly (GO:0022607),-0.25874003921104505,-0.8586243955414886,0.6360759493670886,0.8624751574333552,1.0,3/24,4.67%,CD74;FAM107A;RTN4
prerank,Peptidyl-Serine Modification (GO:0018209),-0.31649122807017543,-0.8635649686143084,0.5806451612903226,0.8636356414457269,1.0,11/11,68.66%,TLK1;PLK2;MAP3K13;UHMK1;ROCK2;AKT3;WNK1;PDGFB;PRKD2;PRKCH;ROCK1
prerank,Proteasomal Protein Catabolic Process (GO:0010498),-0.24425739783464745,-0.8748402166782548,0.6552901023890785,0.8553067225402224,1.0,1/27,0.84%,IFI27
prerank,Positive Regulation Of mRNA Catabolic Process (GO:0061014),-0.3157894736842105,-0.875698227532932,0.5761589403973509,0.8623794195536063,1.0,11/11,68.73%,ZFP36;FXR1;CELF1;ZFP36L2;ROCK2;POLR2G;YTHDF2;CNOT7;PABPC1;ROCK1;PUM1
prerank,Positive Regulation Of Viral Genome Replication (GO:0045070),-0.32748948106591863,-0.8785767669004938,0.5501618122977346,0.8665451563028453,1.0,10/10,67.55%,DDB1;HACD3;PPID;PPIA;STAU1;CNOT7;RAD23A;PABPC1;LARP1;NR5A2
prerank,Regulation Of Pathway-Restricted SMAD Protein Phosphorylation (GO:0060393),-0.34940630394038924,-0.8853869604337704,0.5633333333333334,0.8643901325501546,1.0,4/10,6.89%,ACVRL1;ENG;SMAD6;BMPR2
prerank,Peptidyl-Serine Phosphorylation (GO:0018105),-0.3167134831460674,-0.8904706702043406,0.5724381625441696,0.8649669981836677,1.0,12/12,68.66%,TLK1;PLK2;MAP3K13;UHMK1;ROCK2;MAP2K2;AKT3;WNK1;PDGFB;PRKD2;PRKCH;ROCK1
prerank,Positive Regulation Of Viral Process (GO:0048524),-0.327719298245614,-0.9157236200511651,0.4983922829581994,0.8344954503462314,1.0,11/11,67.55%,DDB1;HACD3;PPID;RSF1;PPIA;STAU1;CNOT7;RAD23A;PABPC1;LARP1;NR5A2
prerank,Cytokine-Mediated Signaling Pathway (GO:0019221),-0.28041192846871943,-0.9464075842914371,0.5535714285714286,0.7953155003851146,1.0,2/22,3.62%,IL7R;LIFR
prerank,Neuron Projection Morphogenesis (GO:0048812),-0.3531684108716435,-0.9517630458985263,0.48881789137380194,0.795431926377981,1.0,2/10,2.72%,UBB;S100A6
prerank,Negative Regulation Of Cell Population Proliferation (GO:0008285),-0.23894031977999805,-0.9618222043895599,0.4967532467532468,0.7882710371706979,1.0,8/44,7.31%,B2M;ACVRL1;IFIT3;BTG1;SMAD6;FTH1;BMPR2;GATA2
prerank,Regulation Of Cell Growth (GO:0001558),-0.2829819197327562,-0.9631706636166283,0.5399239543726235,0.7945275731637194,1.0,8/23,7.52%,BST2;HYAL2;FAM107A;ACVRL1;RTN4;BTG1;BMPR2;SMARCA4
prerank,Regulation Of Actin Cytoskeleton Organization (GO:0032956),-0.3381981173665062,-0.9681276362002851,0.5033557046979866,0.794613392380368,1.0,3/14,5.71%,BST2;FAM107A;RALA
prerank,Proteolysis (GO:0006508),-0.2695680722786442,-0.9691610656393006,0.5,0.8012675122662618,1.0,1/29,0.49%,FCN3
prerank,Positive Regulation Of Protein Modification Process (GO:0031401),-0.26581523265910106,-0.9698288685779427,0.5352112676056338,0.8088213588506719,1.0,2/28,1.39%,CD74;HLA-DRB1
prerank,Protein Polyubiquitination (GO:0000209),-0.3100334545543473,-0.9718840005099875,0.5359712230215827,0.8138825667163475,1.0,1/18,0.84%,IFI27
prerank,Regulation Of Stem Cell Population Maintenance (GO:2000036),-0.36325385694249646,-0.9773720726117977,0.476027397260274,0.8135201211552006,1.0,10/10,64.00%,SMARCA4;SMARCB1;LOXL2;HDAC1;SMARCC1;ZNF706;BCL7B;HDAC2;BCL7C;ZC3H13
prerank,Protein Localization To Cell Periphery (GO:1990778),-0.28929448300145183,-0.9888378866074982,0.4840989399293286,0.8039320417894124,1.0,3/24,4.39%,RAMP3;RAMP2;EMP2
prerank,Positive Regulation Of Phosphorylation (GO:0042327),-0.2874465644377972,-1.0096386052486035,0.45517241379310347,0.7782603555524772,1.0,2/24,1.39%,CD74;HLA-DRB1
prerank,Protein Localization To Plasma Membrane (GO:0072659),-0.30695902357627314,-1.0149322500488516,0.4862068965517241,0.7784767708643785,1.0,3/21,4.39%,RAMP3;RAMP2;EMP2
prerank,Positive Regulation Of Peptidyl-Tyrosine Phosphorylation (GO:0050731),-0.33986659880997827,-1.0149472054946675,0.4882943143812709,0.787368021230684,1.0,1/13,1.11%,CD74
prerank,Positive Regulation Of Cysteine-Type Endopeptidase Activity Involved In Apoptotic Process (GO:0043280),-0.3061417120920775,-1.0208901071701035,0.4657534246575342,0.7869632869682303,1.0,1/22,0.63%,TNFSF10
prerank,Positive Regulation Of Programmed Cell Death (GO:0043068),-0.28897029954018943,-1.0245444898688365,0.3978494623655914,0.7895118229441437,1.0,2/27,2.51%,TNFSF10;JUN
prerank,Regulation Of Peptidyl-Tyrosine Phosphorylation (GO:0050730),-0.3778580708954531,-1.0318249983240373,0.4201954397394137,0.7861836944364312,1.0,1/10,1.11%,CD74
prerank,RNA Metabolic Process (GO:0016070),-0.34915082310663237,-1.0372998947254293,0.44673539518900346,0.7861813925913026,1.0,1/14,0.91%,RNASE1
prerank,Negative Regulation Of Transcription By RNA Polymerase II (GO:0000122),-0.23640443611223955,-1.0458399611268017,0.4076923076923077,0.7799764386698537,1.0,13/60,7.52%,IFI27;JUN;DDX5;EDN1;KLF4;N4BP2L2;FOSB;ZFP36;ZBTB16;CAV1;GATA2;MAZ;SMARCA4
prerank,Positive Regulation Of miRNA Metabolic Process (GO:2000630),-0.3959132648026814,-1.060700638874254,0.41566265060240964,0.76310218833335,1.0,4/10,7.52%,JUN;KLF4;GATA2;SMARCA4
prerank,Positive Regulation Of Apoptotic Process (GO:0043065),-0.29362134425256314,-1.0624430773972888,0.356401384083045,0.7695238601339143,1.0,4/28,5.57%,TNFSF10;JUN;CFLAR;BTG1
prerank,Regulation Of G Protein-Coupled Receptor Signaling Pathway (GO:0008277),-0.4023391991592176,-1.0626965520032237,0.415625,0.7788583782562076,1.0,2/10,2.99%,RAMP3;EDN1
prerank,Positive Regulation Of Protein Localization To Membrane (GO:1905477),-0.37093210134351107,-1.0771486180425436,0.4155405405405405,0.762950953627638,1.0,1/13,1.04%,RAMP3
prerank,Negative Regulation Of Cell Growth (GO:0030308),-0.3514901860801223,-1.0818351648617768,0.38721804511278196,0.7645065106006758,1.0,7/16,7.52%,BST2;HYAL2;ACVRL1;RTN4;BTG1;BMPR2;SMARCA4
prerank,Protein-Containing Complex Organization (GO:0043933),-0.40394135766618366,-1.091543860148647,0.38762214983713356,0.7562595120616276,1.0,1/11,1.11%,CD74
prerank,Apoptotic Process (GO:0006915),-0.3049589521468101,-1.1062310199128715,0.328719723183391,0.7382622747996327,1.0,6/30,5.92%,IFI27;CD14;EMP2;RTN4;CFLAR;ZBTB16
prerank,Regulation Of Protein Localization To Plasma Membrane (GO:1903076),-0.35697013436208785,-1.110647695156391,0.4077669902912621,0.7399142767938602,1.0,1/15,1.04%,RAMP3
prerank,Negative Regulation Of Macromolecule Biosynthetic Process (GO:0010558),-0.35672197760638297,-1.1144688991509513,0.34507042253521125,0.742118866753252,1.0,2/18,2.99%,FCN3;EDN1
prerank,Negative Regulation Of MAPK Cascade (GO:0043409),-0.3827705642282628,-1.116779824687933,0.3639240506329114,0.7474537926498814,1.0,4/13,6.55%,TIMP3;DUSP1;HYAL2;CAV1
prerank,Positive Regulation Of Protein Phosphorylation (GO:0001934),-0.27666026108670144,-1.1216391736329823,0.32131147540983607,0.7484704658537323,1.0,3/45,1.39%,RAMP3;CD74;HLA-DRB1
prerank,Cellular Response To Type II Interferon (GO:0071346),-0.4076291002907129,-1.125207410025325,0.3460207612456747,0.7521086310862057,1.0,2/11,2.23%,HLA-DPA1;GBP4
prerank,Positive Regulation Of Transferase Activity (GO:0051347),-0.33765773175220365,-1.1269279846016524,0.3557692307692308,0.7598598936263614,1.0,3/19,3.55%,CD74;HLA-DRB1;KLF4
prerank,Positive Regulation Of Protein Kinase B Signaling (GO:0051897),-0.3734673388996925,-1.1295479205221748,0.34726688102893893,0.7658058448900132,1.0,3/13,4.94%,RAMP3;RTN4;ENG
prerank,Cellular Response To Lipid (GO:0071396),-0.3644643189739996,-1.14524103394155,0.32764505119453924,0.7451757050648554,1.0,3/19,2.30%,RAMP3;TFPI;CD14
prerank,Regulation Of Cytoskeleton Organization (GO:0051493),-0.3841043327411974,-1.152321426748116,0.33641975308641975,0.7422508231839722,1.0,9/15,25.35%,BST2;FAM107A;RALA;CDK2AP2;HRAS;RHOG;PRKAA1;MAPK3;DAPK3
prerank,Regulation Of G1/S Transition Of Mitotic Cell Cycle (GO:2000045),-0.3504886497419445,-1.159636803021054,0.3217993079584775,0.7390650145492073,1.0,14/20,35.31%,ANXA1;KLF4;FAM107A;SMARCA4;SMARCB1;LSM10;CDK2AP2;APPL1;ADAMTS1;SMARCC1;SMARCC2;EIF4G1;KMT2E;BCL7B
prerank,Negative Regulation Of Cellular Biosynthetic Process (GO:0031327),-0.3471237201041706,-1.1597050311117183,0.28431372549019607,0.7504971712844494,1.0,6/20,7.94%,FCN3;ACVRL1;CAV1;BMPR2;ACADVL;FXR1
prerank,Regulation Of Viral Genome Replication (GO:0045069),-0.3966287535322506,-1.1603778799603184,0.3475409836065574,0.7611753275479495,1.0,2/14,1.88%,BST2;IFITM3
prerank,Regulation Of MAPK Cascade (GO:0043408),-0.31521433641773405,-1.1709314380852687,0.23809523809523808,0.7518287358574112,1.0,4/32,3.06%,CD74;HLA-DRB1;DUSP1;CAV2
prerank,Cellular Response To Transforming Growth Factor Beta Stimulus (GO:0071560),-0.3988681080403626,-1.1744550373461213,0.34915254237288135,0.756159921472519,1.0,6/14,6.06%,JUN;HYAL2;ACVRL1;ENG;LRRC32;SMAD6
prerank,Protein K48-linked Ubiquitination (GO:0070936),-0.4218859157044056,-1.1756839444191383,0.32507739938080493,0.7662935923324913,1.0,1/11,0.84%,IFI27
prerank,Positive Regulation Of Kinase Activity (GO:0033674),-0.420790534613423,-1.176211398494817,0.359375,0.778109893118783,1.0,2/12,1.39%,CD74;HLA-DRB1
prerank,Regulation Of Protein Kinase B Signaling (GO:0051896),-0.3529781718258756,-1.176758772527927,0.282312925170068,0.7901846615055904,1.0,4/18,4.94%,RAMP3;HYAL2;RTN4;ENG
prerank,Inorganic Cation Transmembrane Transport (GO:0098662),-0.43183480069139335,-1.1821024427427802,0.35172413793103446,0.7915076571961638,1.0,1/11,0.97%,SLC6A4
prerank,Monoatomic Cation Transmembrane Transport (GO:0098655),-0.43183480069139335,-1.1821024427427802,0.35172413793103446,0.7915076571961638,1.0,1/11,0.97%,SLC6A4
prerank,Hemopoiesis (GO:0030097),-0.39633927478062825,-1.2085552814346985,0.2983050847457627,0.7617521388166516,1.0,1/15,0.35%,IL7R
prerank,Regulation Of Actin Filament-Based Process (GO:0032970),-0.45958913226593423,-1.2313048176218175,0.2980769230769231,0.7244669966532014,1.0,3/11,5.71%,BST2;FAM107A;RALA
prerank,Negative Regulation Of Inflammatory Response (GO:0050728),-0.4518740031390759,-1.293991095579849,0.23648648648648649,0.604810482382538,1.0,9/12,31.34%,HLA-DRB1;KLF4;FXR1;SHARPIN;GRN;TNFRSF1A;PLK2;AHR;YES1
prerank,Positive Regulation Of Intracellular Signal Transduction (GO:1902533),-0.2839878327688525,-1.3012618708356276,0.12811387900355872,0.6020310718492493,1.0,9/71,5.29%,TNFSF10;RAMP3;CD74;HLA-DRB1;BST2;CAV2;RTN4;ENG;CFLAR
prerank,Cellular Response To Organic Cyclic Compound (GO:0071407),-0.4074655551385837,-1.306457444640001,0.1987179487179487,0.6033302731395296,1.0,2/18,1.53%,RAMP3;TFPI
prerank,Positive Regulation Of Cell Population Proliferation (GO:0008284),-0.2882926535545012,-1.3142968604816807,0.13454545454545455,0.5998669032105104,1.0,8/61,4.39%,IL7R;CD74;BST2;VIPR1;S100A6;EDN1;LIFR;EMP2
prerank,Negative Regulation Of Cell Migration (GO:0030336),-0.3970143226008767,-1.3207815689474518,0.1906474820143885,0.5988319410271037,1.0,5/18,4.94%,CD74;BST2;HYAL2;ACVRL1;ENG
prerank,Positive Regulation Of Mitochondrion Organization (GO:0010822),-0.4646893199153245,-1.329057262279189,0.22073578595317725,0.5936645832822366,1.0,1/12,0.63%,TNFSF10
prerank,Positive Regulation Of MAPK Cascade (GO:0043410),-0.3532404249144631,-1.3407724443815707,0.15140845070422534,0.5811855452670156,1.0,5/36,3.06%,RAMP3;CD74;HLA-DRB1;EDN1;CAV2
prerank,Regulation Of miRNA Transcription (GO:1902893),-0.5191431531859418,-1.3794523430310142,0.17320261437908496,0.5127189117656153,0.998,5/10,7.52%,JUN;DDX5;KLF4;GATA2;SMARCA4
prerank,Negative Regulation Of Growth (GO:0045926),-0.45101798208364147,-1.4112031438804213,0.14007782101167315,0.46417096560576204,0.996,9/18,7.52%,BST2;MT2A;HYAL2;MT1E;ACVRL1;RTN4;BTG1;BMPR2;SMARCA4
prerank,Regulation Of Protein Binding (GO:0043393),-0.46417740712253064,-1.4449922080751507,0.1111111111111111,0.4160255728966538,0.995,1/16,0.14%,B2M
prerank,Regulation Of I-kappaB kinase/NF-kappaB Signaling (GO:0043122),-0.3868245264799727,-1.4716111614381224,0.07849829351535836,0.37985193257854016,0.994,4/30,1.46%,TNFSF10;CD74;HLA-DRB1;BST2
prerank,Protein Homooligomerization (GO:0051260),-0.5385521078812505,-1.4977513437351793,0.0996309963099631,0.3483633665374552,0.992,1/12,0.14%,B2M
prerank,Regulation Of DNA Metabolic Process (GO:0051052),-0.49920874231659235,-1.511963787223458,0.11475409836065574,0.3336454637958906,0.992,2/13,4.11%,IL7R;ACVRL1
prerank,Positive Regulation Of Binding (GO:0051099),-0.5291043331482744,-1.5187986785971095,0.10820895522388059,0.3317711356557142,0.991,1/12,0.14%,B2M
prerank,Positive Regulation Of T Cell Differentiation (GO:0045582),-0.5312676623599417,-1.526550841114453,0.10932475884244373,0.32859784465039665,0.989,2/11,1.39%,HLA-DRA;HLA-DRB1
prerank,Cellular Response To Hypoxia (GO:0071456),-0.5633888027010034,-1.5278725201524679,0.10576923076923077,0.33510102955091237,0.989,1/10,0.42%,EPAS1
prerank,Cellular Response To Decreased Oxygen Levels (GO:0036294),-0.5633888027010034,-1.5278725201524679,0.10576923076923077,0.33510102955091237,0.989,1/10,0.42%,EPAS1
prerank,Protein Transport (GO:0015031),-0.3936433401290841,-1.5439310866923113,0.06204379562043796,0.326661688708665,0.986,5/38,2.92%,RAMP3;CD74;TXNIP;RAMP2;CALCRL
prerank,Negative Regulation Of Cell Motility (GO:2000146),-0.526746828583923,-1.546917675156603,0.08550185873605948,0.3317975891681918,0.986,3/12,4.94%,CD74;BST2;ENG
prerank,Positive Regulation Of Signal Transduction (GO:0009967),-0.4707479752420652,-1.555585473006097,0.05128205128205128,0.32735962342784347,0.985,4/20,4.39%,IL7R;CD74;CAV2;EMP2
prerank,Positive Regulation Of I-kappaB kinase/NF-kappaB Signaling (GO:0043123),-0.43149402201845277,-1.5632138073405069,0.052083333333333336,0.3245605494516112,0.982,4/26,1.46%,TNFSF10;CD74;HLA-DRB1;BST2
prerank,Negative Regulation Of Protein Binding (GO:0032091),-0.5509453655208251,-1.570301040555871,0.08387096774193549,0.3229367647179051,0.982,1/11,0.14%,B2M
prerank,Regulation Of Cysteine-Type Endopeptidase Activity Involved In Apoptotic Process (GO:0043281),-0.5335963166455646,-1.5776329773080913,0.07516339869281045,0.32140733213830697,0.98,2/12,3.55%,TNFSF10;KLF4
prerank,Adenylate Cyclase-Modulating G Protein-Coupled Receptor Signaling Pathway (GO:0007188),-0.5690571606556798,-1.5789514357358672,0.08169934640522876,0.32965191537834754,0.98,4/11,2.92%,RAMP3;RAMP2;VIPR1;CALCRL
prerank,Receptor Internalization (GO:0031623),-0.568848102289661,-1.5845855624238194,0.0958904109589041,0.3318243467440311,0.978,5/11,6.55%,RAMP3;RAMP2;CALCRL;RALA;CAV1
prerank,Intracellular Monoatomic Cation Homeostasis (GO:0030003),-0.5383544313091854,-1.6242186262974985,0.048859934853420196,0.2792168242003506,0.956,6/16,6.62%,B2M;MT2A;EDN1;FTL;CAV1;FTH1
prerank,Regulation Of Tumor Necrosis Factor Production (GO:0032680),-0.5739974674870864,-1.6279429198178,0.06557377049180328,0.2840258114995069,0.955,5/11,7.94%,HLA-E;CD14;ZFP36;IFNGR1;FXR1
prerank,Cellular Response To Organic Substance (GO:0071310),-0.5777678779534962,-1.632481582161867,0.06583072100313479,0.28778030099596197,0.952,3/10,2.99%,RAMP3;RAMP2;EDN1
prerank,Regulation Of ERK1 And ERK2 Cascade (GO:0070372),-0.49549380676138455,-1.669670095203548,0.039473684210526314,0.24615875144092808,0.93,4/25,2.37%,RAMP3;CD74;HLA-DRB1;TIMP3
prerank,Antigen Receptor-Mediated Signaling Pathway (GO:0050851),-0.5283259500623633,-1.6769856018687201,0.038869257950530034,0.24551064038522855,0.92,4/17,3.13%,HLA-DPA1;HLA-DRB1;HLA-A;BTNL9
prerank,Regulation Of Epithelial Cell Proliferation (GO:0050678),-0.6134573405224911,-1.695761598384703,0.04892966360856269,0.23074363796706418,0.895,1/10,0.14%,B2M
prerank,Regulation Of Cytokine Production (GO:0001817),-0.5941537031539265,-1.736055047841424,0.03007518796992481,0.1923571167911693,0.847,4/12,3.13%,HLA-B;HLA-DRB1;ANXA1;BTNL9
prerank,Positive Regulation Of ERK1 And ERK2 Cascade (GO:0070374),-0.5356822352320774,-1.7411076455925314,0.032467532467532464,0.19463906625135238,0.836,3/20,1.39%,RAMP3;CD74;HLA-DRB1
prerank,Cellular Response To Hormone Stimulus (GO:0032870),-0.6285067138647312,-1.750892461925458,0.016129032258064516,0.19134707358748168,0.822,3/12,1.67%,RAMP3;TFPI;RAMP2
prerank,Cellular Response To Cytokine Stimulus (GO:0071345),-0.47955519997095025,-1.7606116161202041,0.013793103448275862,0.1887481320107417,0.811,7/30,3.62%,IL7R;HLA-DPA1;MT2A;GBP4;DUSP1;HYAL2;LIFR
prerank,Organic Substance Transport (GO:0071702),-0.5993644719033223,-1.7629700818638716,0.013377926421404682,0.19628506258328768,0.803,5/15,2.92%,SLC6A4;RAMP3;TXNIP;RAMP2;CALCRL
prerank,Regulation Of Interleukin-8 Production (GO:0032677),-0.6449328099761718,-1.89206408038196,0.0165016501650165,0.08656004239706952,0.524,5/12,3.55%,CD74;ANXA1;CD14;HYAL2;KLF4
prerank,Response To Type II Interferon (GO:0034341),-0.667325952682252,-1.909710436953102,0.0033783783783783786,0.081862598821096,0.49,5/12,2.23%,CD74;HLA-DPA1;BST2;IFITM3;GBP4
prerank,T Cell Receptor Signaling Pathway (GO:0050852),-0.6766773806153101,-1.952625611964252,0.006756756756756757,0.06295935969652625,0.393,4/12,3.13%,HLA-DPA1;HLA-DRB1;HLA-A;BTNL9
prerank,Response To Cytokine (GO:0034097),-0.673634884243586,-1.9859285307016523,0.003257328990228013,0.04920353320820958,0.317,6/13,3.62%,CD74;BST2;IFITM3;ANXA1;TIMP3;LIFR
prerank,Cellular Response To Metal Ion (GO:0071248),-0.7174508434002844,-1.9888696380973374,0.003205128205128205,0.05203880710964764,0.313,4/11,3.76%,B2M;MT2A;JUN;MT1E
prerank,Transmembrane Receptor Protein Serine/Threonine Kinase Signaling Pathway (GO:0007178),-0.6441594626321334,-1.9934638244215397,0.010526315789473684,0.05390637987088194,0.304,8/17,6.89%,TMEM100;JUN;DDX5;ACVRL1;ENG;LRRC32;SMAD6;BMPR2
prerank,Positive Regulation Of Leukocyte Cell-Cell Adhesion (GO:1903039),-0.7349468409748658,-1.998729207230186,0.0036496350364963502,0.05600128429334509,0.296,5/10,4.32%,HLA-DPA1;HLA-DRA;HLA-DRB1;HLA-DMA;HLA-DRB5
prerank,Defense Response To Bacterium (GO:0042742),-0.7443412276040154,-2.050747700404262,0.009584664536741214,0.03913356279176238,0.215,4/10,2.23%,HLA-E;RNASE1;HLA-A;GBP4
prerank,Regulation Of Interleukin-6 Production (GO:0032675),-0.7304752270996028,-2.0553497873265925,0.0032258064516129032,0.040052577410426275,0.2,3/10,3.48%,HLA-B;CD74;HYAL2
prerank,Regulation Of Type II Interferon Production (GO:0032649),-0.7382718833613042,-2.098031764085039,0.0,0.03039949475543056,0.147,4/10,2.30%,HLA-DPA1;HLA-DRB1;HLA-A;CD14
prerank,Positive Regulation Of Cytokine Production (GO:0001819),-0.5602310617381572,-2.1121534287302404,0.0,0.030157004224386517,0.13,7/33,3.48%,HLA-E;CD74;HLA-DPA1;ANXA1;HLA-A;CD14;HYAL2
prerank,Nitrogen Compound Transport (GO:0071705),-0.7609387697920831,-2.23151641807969,0.0,0.009052979825644297,0.037,6/13,2.99%,SLC6A4;RAMP3;TXNIP;RAMP2;CALCRL;EDN1
prerank,Regulation Of T Cell Activation (GO:0050863),-0.802699754211122,-2.3367374363513886,0.0,0.0032096928472738866,0.009,6/13,4.32%,B2M;HLA-DPA1;HLA-DRA;HLA-DRB1;HLA-DMA;HLA-DRB5
prerank,Defense Response To Virus (GO:0051607),-0.8073466066772085,-2.392415454117084,0.0,0.0006172486244757474,0.002,6/13,4.53%,FCN3;IFI27;RNASE1;BST2;IFITM3;IFIT3
prerank,Defense Response To Symbiont (GO:0140546),-0.8854825807722844,-2.410800249106584,0.0,0.0004114990829838316,0.001,6/10,4.53%,FCN3;IFI27;RNASE1;BST2;IFITM3;IFIT3
prerank,Positive Regulation Of T Cell Activation (GO:0050870),-0.7260917530107167,-2.461667478445836,0.0,0.0006172486244757474,0.001,8/23,4.32%,B2M;HLA-DPA1;HLA-DRA;HLA-DRB1;ANXA1;HLA-A;HLA-DMA;HLA-DRB5
prerank,Antigen Processing And Presentation Of Exogenous Peptide Antigen (GO:0002478),-0.9296765532233353,-2.5707579223918824,0.0,0.0,0.0,8/10,4.32%,HLA-E;HLA-DPA1;HLA-DRA;HLA-DRB1;HLA-A;HLA-F;HLA-DMA;HLA-DRB5
